mask,frame,dataset,class_name
UD Ureter-Uterine Artery-Nerve Dataset/train/Masks/artery/12_0_998333.png,UD Ureter-Uterine Artery-Nerve Dataset/train/Frames/12_0_998333.png,UD Ureter-Uterine Artery-Nerve Dataset,artery
UD Ureter-Uterine Artery-Nerve Dataset/train/Masks/artery/12_10_500333.png,UD Ureter-Uterine Artery-Nerve Dataset/train/Frames/12_10_500333.png,UD Ureter-Uterine Artery-Nerve Dataset,artery
UD Ureter-Uterine Artery-Nerve Dataset/train/Masks/artery/12_2_804667.png,UD Ureter-Uterine Artery-Nerve Dataset/train/Frames/12_2_804667.png,UD Ureter-Uterine Artery-Nerve Dataset,artery
UD Ureter-Uterine Artery-Nerve Dataset/train/Masks/artery/12_3_051333.png,UD Ureter-Uterine Artery-Nerve Dataset/train/Frames/12_3_051333.png,UD Ureter-Uterine Artery-Nerve Dataset,artery
UD Ureter-Uterine Artery-Nerve Dataset/train/Masks/artery/12_3_728333.png,UD Ureter-Uterine Artery-Nerve Dataset/train/Frames/12_3_728333.png,UD Ureter-Uterine Artery-Nerve Dataset,artery
UD Ureter-Uterine Artery-Nerve Dataset/train/Masks/artery/12_4_288000.png,UD Ureter-Uterine Artery-Nerve Dataset/train/Frames/12_4_288000.png,UD Ureter-Uterine Artery-Nerve Dataset,artery
UD Ureter-Uterine Artery-Nerve Dataset/train/Masks/artery/12_4_713000.png,UD Ureter-Uterine Artery-Nerve Dataset/train/Frames/12_4_713000.png,UD Ureter-Uterine Artery-Nerve Dataset,artery
UD Ureter-Uterine Artery-Nerve Dataset/train/Masks/artery/12_4_746333.png,UD Ureter-Uterine Artery-Nerve Dataset/train/Frames/12_4_746333.png,UD Ureter-Uterine Artery-Nerve Dataset,artery
UD Ureter-Uterine Artery-Nerve Dataset/train/Masks/artery/12_4_886667.png,UD Ureter-Uterine Artery-Nerve Dataset/train/Frames/12_4_886667.png,UD Ureter-Uterine Artery-Nerve Dataset,artery
UD Ureter-Uterine Artery-Nerve Dataset/train/Masks/artery/12_5_412667.png,UD Ureter-Uterine Artery-Nerve Dataset/train/Frames/12_5_412667.png,UD Ureter-Uterine Artery-Nerve Dataset,artery
UD Ureter-Uterine Artery-Nerve Dataset/train/Masks/artery/12_6_210000.png,UD Ureter-Uterine Artery-Nerve Dataset/train/Frames/12_6_210000.png,UD Ureter-Uterine Artery-Nerve Dataset,artery
UD Ureter-Uterine Artery-Nerve Dataset/train/Masks/artery/12_6_253333.png,UD Ureter-Uterine Artery-Nerve Dataset/train/Frames/12_6_253333.png,UD Ureter-Uterine Artery-Nerve Dataset,artery
UD Ureter-Uterine Artery-Nerve Dataset/train/Masks/artery/12_6_493333.png,UD Ureter-Uterine Artery-Nerve Dataset/train/Frames/12_6_493333.png,UD Ureter-Uterine Artery-Nerve Dataset,artery
UD Ureter-Uterine Artery-Nerve Dataset/train/Masks/artery/12_7_331333.png,UD Ureter-Uterine Artery-Nerve Dataset/train/Frames/12_7_331333.png,UD Ureter-Uterine Artery-Nerve Dataset,artery
UD Ureter-Uterine Artery-Nerve Dataset/train/Masks/artery/12_7_343000.png,UD Ureter-Uterine Artery-Nerve Dataset/train/Frames/12_7_343000.png,UD Ureter-Uterine Artery-Nerve Dataset,artery
UD Ureter-Uterine Artery-Nerve Dataset/train/Masks/artery/12_7_496000.png,UD Ureter-Uterine Artery-Nerve Dataset/train/Frames/12_7_496000.png,UD Ureter-Uterine Artery-Nerve Dataset,artery
UD Ureter-Uterine Artery-Nerve Dataset/train/Masks/artery/1_0_024000.png,UD Ureter-Uterine Artery-Nerve Dataset/train/Frames/1_0_024000.png,UD Ureter-Uterine Artery-Nerve Dataset,artery
UD Ureter-Uterine Artery-Nerve Dataset/train/Masks/artery/1_0_320667.png,UD Ureter-Uterine Artery-Nerve Dataset/train/Frames/1_0_320667.png,UD Ureter-Uterine Artery-Nerve Dataset,artery
UD Ureter-Uterine Artery-Nerve Dataset/train/Masks/artery/1_0_466000.png,UD Ureter-Uterine Artery-Nerve Dataset/train/Frames/1_0_466000.png,UD Ureter-Uterine Artery-Nerve Dataset,artery
UD Ureter-Uterine Artery-Nerve Dataset/train/Masks/artery/1_0_483667.png,UD Ureter-Uterine Artery-Nerve Dataset/train/Frames/1_0_483667.png,UD Ureter-Uterine Artery-Nerve Dataset,artery
UD Ureter-Uterine Artery-Nerve Dataset/train/Masks/artery/1_0_508000.png,UD Ureter-Uterine Artery-Nerve Dataset/train/Frames/1_0_508000.png,UD Ureter-Uterine Artery-Nerve Dataset,artery
UD Ureter-Uterine Artery-Nerve Dataset/train/Masks/artery/1_0_697333.png,UD Ureter-Uterine Artery-Nerve Dataset/train/Frames/1_0_697333.png,UD Ureter-Uterine Artery-Nerve Dataset,artery
UD Ureter-Uterine Artery-Nerve Dataset/train/Masks/artery/1_0_740333.png,UD Ureter-Uterine Artery-Nerve Dataset/train/Frames/1_0_740333.png,UD Ureter-Uterine Artery-Nerve Dataset,artery
UD Ureter-Uterine Artery-Nerve Dataset/train/Masks/artery/1_0_848667.png,UD Ureter-Uterine Artery-Nerve Dataset/train/Frames/1_0_848667.png,UD Ureter-Uterine Artery-Nerve Dataset,artery
UD Ureter-Uterine Artery-Nerve Dataset/train/Masks/artery/1_0_877667.png,UD Ureter-Uterine Artery-Nerve Dataset/train/Frames/1_0_877667.png,UD Ureter-Uterine Artery-Nerve Dataset,artery
UD Ureter-Uterine Artery-Nerve Dataset/train/Masks/artery/1_10_017000.png,UD Ureter-Uterine Artery-Nerve Dataset/train/Frames/1_10_017000.png,UD Ureter-Uterine Artery-Nerve Dataset,artery
UD Ureter-Uterine Artery-Nerve Dataset/train/Masks/artery/1_10_127667.png,UD Ureter-Uterine Artery-Nerve Dataset/train/Frames/1_10_127667.png,UD Ureter-Uterine Artery-Nerve Dataset,artery
UD Ureter-Uterine Artery-Nerve Dataset/train/Masks/artery/1_10_177000.png,UD Ureter-Uterine Artery-Nerve Dataset/train/Frames/1_10_177000.png,UD Ureter-Uterine Artery-Nerve Dataset,artery
UD Ureter-Uterine Artery-Nerve Dataset/train/Masks/artery/1_10_220333.png,UD Ureter-Uterine Artery-Nerve Dataset/train/Frames/1_10_220333.png,UD Ureter-Uterine Artery-Nerve Dataset,artery
UD Ureter-Uterine Artery-Nerve Dataset/train/Masks/artery/1_10_310667.png,UD Ureter-Uterine Artery-Nerve Dataset/train/Frames/1_10_310667.png,UD Ureter-Uterine Artery-Nerve Dataset,artery
UD Ureter-Uterine Artery-Nerve Dataset/train/Masks/artery/1_10_374333.png,UD Ureter-Uterine Artery-Nerve Dataset/train/Frames/1_10_374333.png,UD Ureter-Uterine Artery-Nerve Dataset,artery
UD Ureter-Uterine Artery-Nerve Dataset/train/Masks/artery/1_10_407000.png,UD Ureter-Uterine Artery-Nerve Dataset/train/Frames/1_10_407000.png,UD Ureter-Uterine Artery-Nerve Dataset,artery
UD Ureter-Uterine Artery-Nerve Dataset/train/Masks/artery/1_10_418667.png,UD Ureter-Uterine Artery-Nerve Dataset/train/Frames/1_10_418667.png,UD Ureter-Uterine Artery-Nerve Dataset,artery
UD Ureter-Uterine Artery-Nerve Dataset/train/Masks/artery/1_1_020333.png,UD Ureter-Uterine Artery-Nerve Dataset/train/Frames/1_1_020333.png,UD Ureter-Uterine Artery-Nerve Dataset,artery
UD Ureter-Uterine Artery-Nerve Dataset/train/Masks/artery/1_1_198333.png,UD Ureter-Uterine Artery-Nerve Dataset/train/Frames/1_1_198333.png,UD Ureter-Uterine Artery-Nerve Dataset,artery
UD Ureter-Uterine Artery-Nerve Dataset/train/Masks/artery/1_1_300000.png,UD Ureter-Uterine Artery-Nerve Dataset/train/Frames/1_1_300000.png,UD Ureter-Uterine Artery-Nerve Dataset,artery
UD Ureter-Uterine Artery-Nerve Dataset/train/Masks/artery/1_1_535000.png,UD Ureter-Uterine Artery-Nerve Dataset/train/Frames/1_1_535000.png,UD Ureter-Uterine Artery-Nerve Dataset,artery
UD Ureter-Uterine Artery-Nerve Dataset/train/Masks/artery/1_1_759333.png,UD Ureter-Uterine Artery-Nerve Dataset/train/Frames/1_1_759333.png,UD Ureter-Uterine Artery-Nerve Dataset,artery
UD Ureter-Uterine Artery-Nerve Dataset/train/Masks/artery/1_1_788667.png,UD Ureter-Uterine Artery-Nerve Dataset/train/Frames/1_1_788667.png,UD Ureter-Uterine Artery-Nerve Dataset,artery
UD Ureter-Uterine Artery-Nerve Dataset/train/Masks/artery/20_0_094667.png,UD Ureter-Uterine Artery-Nerve Dataset/train/Frames/20_0_094667.png,UD Ureter-Uterine Artery-Nerve Dataset,artery
UD Ureter-Uterine Artery-Nerve Dataset/train/Masks/artery/20_0_102000.png,UD Ureter-Uterine Artery-Nerve Dataset/train/Frames/20_0_102000.png,UD Ureter-Uterine Artery-Nerve Dataset,artery
UD Ureter-Uterine Artery-Nerve Dataset/train/Masks/artery/20_0_777667.png,UD Ureter-Uterine Artery-Nerve Dataset/train/Frames/20_0_777667.png,UD Ureter-Uterine Artery-Nerve Dataset,artery
UD Ureter-Uterine Artery-Nerve Dataset/train/Masks/artery/20_10_580667.png,UD Ureter-Uterine Artery-Nerve Dataset/train/Frames/20_10_580667.png,UD Ureter-Uterine Artery-Nerve Dataset,artery
UD Ureter-Uterine Artery-Nerve Dataset/train/Masks/artery/20_1_388667.png,UD Ureter-Uterine Artery-Nerve Dataset/train/Frames/20_1_388667.png,UD Ureter-Uterine Artery-Nerve Dataset,artery
UD Ureter-Uterine Artery-Nerve Dataset/train/Masks/artery/20_1_957333.png,UD Ureter-Uterine Artery-Nerve Dataset/train/Frames/20_1_957333.png,UD Ureter-Uterine Artery-Nerve Dataset,artery
UD Ureter-Uterine Artery-Nerve Dataset/train/Masks/artery/20_1_986000.png,UD Ureter-Uterine Artery-Nerve Dataset/train/Frames/20_1_986000.png,UD Ureter-Uterine Artery-Nerve Dataset,artery
UD Ureter-Uterine Artery-Nerve Dataset/train/Masks/artery/20_2_130667.png,UD Ureter-Uterine Artery-Nerve Dataset/train/Frames/20_2_130667.png,UD Ureter-Uterine Artery-Nerve Dataset,artery
UD Ureter-Uterine Artery-Nerve Dataset/train/Masks/artery/20_2_165333.png,UD Ureter-Uterine Artery-Nerve Dataset/train/Frames/20_2_165333.png,UD Ureter-Uterine Artery-Nerve Dataset,artery
UD Ureter-Uterine Artery-Nerve Dataset/train/Masks/artery/20_2_274667.png,UD Ureter-Uterine Artery-Nerve Dataset/train/Frames/20_2_274667.png,UD Ureter-Uterine Artery-Nerve Dataset,artery
UD Ureter-Uterine Artery-Nerve Dataset/train/Masks/artery/20_3_395333.png,UD Ureter-Uterine Artery-Nerve Dataset/train/Frames/20_3_395333.png,UD Ureter-Uterine Artery-Nerve Dataset,artery
UD Ureter-Uterine Artery-Nerve Dataset/train/Masks/artery/20_4_411667.png,UD Ureter-Uterine Artery-Nerve Dataset/train/Frames/20_4_411667.png,UD Ureter-Uterine Artery-Nerve Dataset,artery
UD Ureter-Uterine Artery-Nerve Dataset/train/Masks/artery/20_4_449333.png,UD Ureter-Uterine Artery-Nerve Dataset/train/Frames/20_4_449333.png,UD Ureter-Uterine Artery-Nerve Dataset,artery
UD Ureter-Uterine Artery-Nerve Dataset/train/Masks/artery/20_4_686000.png,UD Ureter-Uterine Artery-Nerve Dataset/train/Frames/20_4_686000.png,UD Ureter-Uterine Artery-Nerve Dataset,artery
UD Ureter-Uterine Artery-Nerve Dataset/train/Masks/artery/20_5_076333.png,UD Ureter-Uterine Artery-Nerve Dataset/train/Frames/20_5_076333.png,UD Ureter-Uterine Artery-Nerve Dataset,artery
UD Ureter-Uterine Artery-Nerve Dataset/train/Masks/artery/20_5_924333.png,UD Ureter-Uterine Artery-Nerve Dataset/train/Frames/20_5_924333.png,UD Ureter-Uterine Artery-Nerve Dataset,artery
UD Ureter-Uterine Artery-Nerve Dataset/train/Masks/artery/20_6_513000.png,UD Ureter-Uterine Artery-Nerve Dataset/train/Frames/20_6_513000.png,UD Ureter-Uterine Artery-Nerve Dataset,artery
UD Ureter-Uterine Artery-Nerve Dataset/train/Masks/artery/20_6_719000.png,UD Ureter-Uterine Artery-Nerve Dataset/train/Frames/20_6_719000.png,UD Ureter-Uterine Artery-Nerve Dataset,artery
UD Ureter-Uterine Artery-Nerve Dataset/train/Masks/artery/20_7_013000.png,UD Ureter-Uterine Artery-Nerve Dataset/train/Frames/20_7_013000.png,UD Ureter-Uterine Artery-Nerve Dataset,artery
UD Ureter-Uterine Artery-Nerve Dataset/train/Masks/artery/20_7_663333.png,UD Ureter-Uterine Artery-Nerve Dataset/train/Frames/20_7_663333.png,UD Ureter-Uterine Artery-Nerve Dataset,artery
UD Ureter-Uterine Artery-Nerve Dataset/train/Masks/artery/20_8_569333.png,UD Ureter-Uterine Artery-Nerve Dataset/train/Frames/20_8_569333.png,UD Ureter-Uterine Artery-Nerve Dataset,artery
UD Ureter-Uterine Artery-Nerve Dataset/train/Masks/artery/20_8_886667.png,UD Ureter-Uterine Artery-Nerve Dataset/train/Frames/20_8_886667.png,UD Ureter-Uterine Artery-Nerve Dataset,artery
UD Ureter-Uterine Artery-Nerve Dataset/train/Masks/artery/20_9_221333.png,UD Ureter-Uterine Artery-Nerve Dataset/train/Frames/20_9_221333.png,UD Ureter-Uterine Artery-Nerve Dataset,artery
UD Ureter-Uterine Artery-Nerve Dataset/train/Masks/artery/20_9_577667.png,UD Ureter-Uterine Artery-Nerve Dataset/train/Frames/20_9_577667.png,UD Ureter-Uterine Artery-Nerve Dataset,artery
UD Ureter-Uterine Artery-Nerve Dataset/train/Masks/artery/20_9_614667.png,UD Ureter-Uterine Artery-Nerve Dataset/train/Frames/20_9_614667.png,UD Ureter-Uterine Artery-Nerve Dataset,artery
UD Ureter-Uterine Artery-Nerve Dataset/train/Masks/artery/20_9_846000.png,UD Ureter-Uterine Artery-Nerve Dataset/train/Frames/20_9_846000.png,UD Ureter-Uterine Artery-Nerve Dataset,artery
UD Ureter-Uterine Artery-Nerve Dataset/train/Masks/artery/25_0_085410.png,UD Ureter-Uterine Artery-Nerve Dataset/train/Frames/25_0_085410.png,UD Ureter-Uterine Artery-Nerve Dataset,artery
UD Ureter-Uterine Artery-Nerve Dataset/train/Masks/artery/25_0_942508.png,UD Ureter-Uterine Artery-Nerve Dataset/train/Frames/25_0_942508.png,UD Ureter-Uterine Artery-Nerve Dataset,artery
UD Ureter-Uterine Artery-Nerve Dataset/train/Masks/artery/25_10_141715.png,UD Ureter-Uterine Artery-Nerve Dataset/train/Frames/25_10_141715.png,UD Ureter-Uterine Artery-Nerve Dataset,artery
UD Ureter-Uterine Artery-Nerve Dataset/train/Masks/artery/25_10_187089.png,UD Ureter-Uterine Artery-Nerve Dataset/train/Frames/25_10_187089.png,UD Ureter-Uterine Artery-Nerve Dataset,artery
UD Ureter-Uterine Artery-Nerve Dataset/train/Masks/artery/25_10_192093.png,UD Ureter-Uterine Artery-Nerve Dataset/train/Frames/25_10_192093.png,UD Ureter-Uterine Artery-Nerve Dataset,artery
UD Ureter-Uterine Artery-Nerve Dataset/train/Masks/artery/25_10_373922.png,UD Ureter-Uterine Artery-Nerve Dataset/train/Frames/25_10_373922.png,UD Ureter-Uterine Artery-Nerve Dataset,artery
UD Ureter-Uterine Artery-Nerve Dataset/train/Masks/artery/25_10_418295.png,UD Ureter-Uterine Artery-Nerve Dataset/train/Frames/25_10_418295.png,UD Ureter-Uterine Artery-Nerve Dataset,artery
UD Ureter-Uterine Artery-Nerve Dataset/train/Masks/artery/25_1_464974.png,UD Ureter-Uterine Artery-Nerve Dataset/train/Frames/25_1_464974.png,UD Ureter-Uterine Artery-Nerve Dataset,artery
UD Ureter-Uterine Artery-Nerve Dataset/train/Masks/artery/25_1_904699.png,UD Ureter-Uterine Artery-Nerve Dataset/train/Frames/25_1_904699.png,UD Ureter-Uterine Artery-Nerve Dataset,artery
UD Ureter-Uterine Artery-Nerve Dataset/train/Masks/artery/25_2_010794.png,UD Ureter-Uterine Artery-Nerve Dataset/train/Frames/25_2_010794.png,UD Ureter-Uterine Artery-Nerve Dataset,artery
UD Ureter-Uterine Artery-Nerve Dataset/train/Masks/artery/25_2_486218.png,UD Ureter-Uterine Artery-Nerve Dataset/train/Frames/25_2_486218.png,UD Ureter-Uterine Artery-Nerve Dataset,artery
UD Ureter-Uterine Artery-Nerve Dataset/train/Masks/artery/25_2_809507.png,UD Ureter-Uterine Artery-Nerve Dataset/train/Frames/25_2_809507.png,UD Ureter-Uterine Artery-Nerve Dataset,artery
UD Ureter-Uterine Artery-Nerve Dataset/train/Masks/artery/25_2_905259.png,UD Ureter-Uterine Artery-Nerve Dataset/train/Frames/25_2_905259.png,UD Ureter-Uterine Artery-Nerve Dataset,artery
UD Ureter-Uterine Artery-Nerve Dataset/train/Masks/artery/25_3_457084.png,UD Ureter-Uterine Artery-Nerve Dataset/train/Frames/25_3_457084.png,UD Ureter-Uterine Artery-Nerve Dataset,artery
UD Ureter-Uterine Artery-Nerve Dataset/train/Masks/artery/25_8_031833.png,UD Ureter-Uterine Artery-Nerve Dataset/train/Frames/25_8_031833.png,UD Ureter-Uterine Artery-Nerve Dataset,artery
UD Ureter-Uterine Artery-Nerve Dataset/train/Masks/artery/27_0_434000.png,UD Ureter-Uterine Artery-Nerve Dataset/train/Frames/27_0_434000.png,UD Ureter-Uterine Artery-Nerve Dataset,artery
UD Ureter-Uterine Artery-Nerve Dataset/train/Masks/artery/27_4_984400.png,UD Ureter-Uterine Artery-Nerve Dataset/train/Frames/27_4_984400.png,UD Ureter-Uterine Artery-Nerve Dataset,artery
UD Ureter-Uterine Artery-Nerve Dataset/train/Masks/artery/29_7_948000.png,UD Ureter-Uterine Artery-Nerve Dataset/train/Frames/29_7_948000.png,UD Ureter-Uterine Artery-Nerve Dataset,artery
UD Ureter-Uterine Artery-Nerve Dataset/train/Masks/artery/29_8_604000.png,UD Ureter-Uterine Artery-Nerve Dataset/train/Frames/29_8_604000.png,UD Ureter-Uterine Artery-Nerve Dataset,artery
UD Ureter-Uterine Artery-Nerve Dataset/train/Masks/artery/29_9_049667.png,UD Ureter-Uterine Artery-Nerve Dataset/train/Frames/29_9_049667.png,UD Ureter-Uterine Artery-Nerve Dataset,artery
UD Ureter-Uterine Artery-Nerve Dataset/train/Masks/artery/32_11_179200.png,UD Ureter-Uterine Artery-Nerve Dataset/train/Frames/32_11_179200.png,UD Ureter-Uterine Artery-Nerve Dataset,artery
UD Ureter-Uterine Artery-Nerve Dataset/train/Masks/artery/32_11_850400.png,UD Ureter-Uterine Artery-Nerve Dataset/train/Frames/32_11_850400.png,UD Ureter-Uterine Artery-Nerve Dataset,artery
UD Ureter-Uterine Artery-Nerve Dataset/train/Masks/artery/32_5_290800.png,UD Ureter-Uterine Artery-Nerve Dataset/train/Frames/32_5_290800.png,UD Ureter-Uterine Artery-Nerve Dataset,artery
UD Ureter-Uterine Artery-Nerve Dataset/train/Masks/artery/32_7_186400.png,UD Ureter-Uterine Artery-Nerve Dataset/train/Frames/32_7_186400.png,UD Ureter-Uterine Artery-Nerve Dataset,artery
UD Ureter-Uterine Artery-Nerve Dataset/train/Masks/artery/32_7_753200.png,UD Ureter-Uterine Artery-Nerve Dataset/train/Frames/32_7_753200.png,UD Ureter-Uterine Artery-Nerve Dataset,artery
UD Ureter-Uterine Artery-Nerve Dataset/train/Masks/artery/32_9_388000.png,UD Ureter-Uterine Artery-Nerve Dataset/train/Frames/32_9_388000.png,UD Ureter-Uterine Artery-Nerve Dataset,artery
UD Ureter-Uterine Artery-Nerve Dataset/train/Masks/artery/35_10_006400.png,UD Ureter-Uterine Artery-Nerve Dataset/train/Frames/35_10_006400.png,UD Ureter-Uterine Artery-Nerve Dataset,artery
UD Ureter-Uterine Artery-Nerve Dataset/train/Masks/artery/35_13_037200.png,UD Ureter-Uterine Artery-Nerve Dataset/train/Frames/35_13_037200.png,UD Ureter-Uterine Artery-Nerve Dataset,artery
UD Ureter-Uterine Artery-Nerve Dataset/train/Masks/artery/35_8_661200.png,UD Ureter-Uterine Artery-Nerve Dataset/train/Frames/35_8_661200.png,UD Ureter-Uterine Artery-Nerve Dataset,artery
UD Ureter-Uterine Artery-Nerve Dataset/train/Masks/artery/36_7_321600.png,UD Ureter-Uterine Artery-Nerve Dataset/train/Frames/36_7_321600.png,UD Ureter-Uterine Artery-Nerve Dataset,artery
UD Ureter-Uterine Artery-Nerve Dataset/train/Masks/artery/38_0_663200.png,UD Ureter-Uterine Artery-Nerve Dataset/train/Frames/38_0_663200.png,UD Ureter-Uterine Artery-Nerve Dataset,artery
UD Ureter-Uterine Artery-Nerve Dataset/train/Masks/artery/38_11_106800.png,UD Ureter-Uterine Artery-Nerve Dataset/train/Frames/38_11_106800.png,UD Ureter-Uterine Artery-Nerve Dataset,artery
UD Ureter-Uterine Artery-Nerve Dataset/train/Masks/artery/38_2_991200.png,UD Ureter-Uterine Artery-Nerve Dataset/train/Frames/38_2_991200.png,UD Ureter-Uterine Artery-Nerve Dataset,artery
UD Ureter-Uterine Artery-Nerve Dataset/train/Masks/artery/38_3_689600.png,UD Ureter-Uterine Artery-Nerve Dataset/train/Frames/38_3_689600.png,UD Ureter-Uterine Artery-Nerve Dataset,artery
UD Ureter-Uterine Artery-Nerve Dataset/train/Masks/artery/38_6_343600.png,UD Ureter-Uterine Artery-Nerve Dataset/train/Frames/38_6_343600.png,UD Ureter-Uterine Artery-Nerve Dataset,artery
UD Ureter-Uterine Artery-Nerve Dataset/train/Masks/artery/3_0_187667.png,UD Ureter-Uterine Artery-Nerve Dataset/train/Frames/3_0_187667.png,UD Ureter-Uterine Artery-Nerve Dataset,artery
UD Ureter-Uterine Artery-Nerve Dataset/train/Masks/artery/3_0_235667.png,UD Ureter-Uterine Artery-Nerve Dataset/train/Frames/3_0_235667.png,UD Ureter-Uterine Artery-Nerve Dataset,artery
UD Ureter-Uterine Artery-Nerve Dataset/train/Masks/artery/3_0_258000.png,UD Ureter-Uterine Artery-Nerve Dataset/train/Frames/3_0_258000.png,UD Ureter-Uterine Artery-Nerve Dataset,artery
UD Ureter-Uterine Artery-Nerve Dataset/train/Masks/artery/3_0_344667.png,UD Ureter-Uterine Artery-Nerve Dataset/train/Frames/3_0_344667.png,UD Ureter-Uterine Artery-Nerve Dataset,artery
UD Ureter-Uterine Artery-Nerve Dataset/train/Masks/artery/3_0_612667.png,UD Ureter-Uterine Artery-Nerve Dataset/train/Frames/3_0_612667.png,UD Ureter-Uterine Artery-Nerve Dataset,artery
UD Ureter-Uterine Artery-Nerve Dataset/train/Masks/artery/3_0_613000.png,UD Ureter-Uterine Artery-Nerve Dataset/train/Frames/3_0_613000.png,UD Ureter-Uterine Artery-Nerve Dataset,artery
UD Ureter-Uterine Artery-Nerve Dataset/train/Masks/artery/3_0_906667.png,UD Ureter-Uterine Artery-Nerve Dataset/train/Frames/3_0_906667.png,UD Ureter-Uterine Artery-Nerve Dataset,artery
UD Ureter-Uterine Artery-Nerve Dataset/train/Masks/artery/3_1_056000.png,UD Ureter-Uterine Artery-Nerve Dataset/train/Frames/3_1_056000.png,UD Ureter-Uterine Artery-Nerve Dataset,artery
UD Ureter-Uterine Artery-Nerve Dataset/train/Masks/artery/3_1_385333.png,UD Ureter-Uterine Artery-Nerve Dataset/train/Frames/3_1_385333.png,UD Ureter-Uterine Artery-Nerve Dataset,artery
UD Ureter-Uterine Artery-Nerve Dataset/train/Masks/artery/3_1_389000.png,UD Ureter-Uterine Artery-Nerve Dataset/train/Frames/3_1_389000.png,UD Ureter-Uterine Artery-Nerve Dataset,artery
UD Ureter-Uterine Artery-Nerve Dataset/train/Masks/artery/3_1_390000.png,UD Ureter-Uterine Artery-Nerve Dataset/train/Frames/3_1_390000.png,UD Ureter-Uterine Artery-Nerve Dataset,artery
UD Ureter-Uterine Artery-Nerve Dataset/train/Masks/artery/3_1_401000.png,UD Ureter-Uterine Artery-Nerve Dataset/train/Frames/3_1_401000.png,UD Ureter-Uterine Artery-Nerve Dataset,artery
UD Ureter-Uterine Artery-Nerve Dataset/train/Masks/artery/3_1_417667.png,UD Ureter-Uterine Artery-Nerve Dataset/train/Frames/3_1_417667.png,UD Ureter-Uterine Artery-Nerve Dataset,artery
UD Ureter-Uterine Artery-Nerve Dataset/train/Masks/artery/3_1_779667.png,UD Ureter-Uterine Artery-Nerve Dataset/train/Frames/3_1_779667.png,UD Ureter-Uterine Artery-Nerve Dataset,artery
UD Ureter-Uterine Artery-Nerve Dataset/train/Masks/artery/3_1_909000.png,UD Ureter-Uterine Artery-Nerve Dataset/train/Frames/3_1_909000.png,UD Ureter-Uterine Artery-Nerve Dataset,artery
UD Ureter-Uterine Artery-Nerve Dataset/train/Masks/artery/6_10_522667.png,UD Ureter-Uterine Artery-Nerve Dataset/train/Frames/6_10_522667.png,UD Ureter-Uterine Artery-Nerve Dataset,artery
UD Ureter-Uterine Artery-Nerve Dataset/train/Masks/artery/6_1_332000.png,UD Ureter-Uterine Artery-Nerve Dataset/train/Frames/6_1_332000.png,UD Ureter-Uterine Artery-Nerve Dataset,artery
UD Ureter-Uterine Artery-Nerve Dataset/train/Masks/artery/6_2_066333.png,UD Ureter-Uterine Artery-Nerve Dataset/train/Frames/6_2_066333.png,UD Ureter-Uterine Artery-Nerve Dataset,artery
UD Ureter-Uterine Artery-Nerve Dataset/train/Masks/artery/6_2_930333.png,UD Ureter-Uterine Artery-Nerve Dataset/train/Frames/6_2_930333.png,UD Ureter-Uterine Artery-Nerve Dataset,artery
UD Ureter-Uterine Artery-Nerve Dataset/train/Masks/artery/6_4_908667.png,UD Ureter-Uterine Artery-Nerve Dataset/train/Frames/6_4_908667.png,UD Ureter-Uterine Artery-Nerve Dataset,artery
UD Ureter-Uterine Artery-Nerve Dataset/train/Masks/artery/7_11_851600.png,UD Ureter-Uterine Artery-Nerve Dataset/train/Frames/7_11_851600.png,UD Ureter-Uterine Artery-Nerve Dataset,artery
UD Ureter-Uterine Artery-Nerve Dataset/train/Masks/artery/7_2_420800.png,UD Ureter-Uterine Artery-Nerve Dataset/train/Frames/7_2_420800.png,UD Ureter-Uterine Artery-Nerve Dataset,artery
UD Ureter-Uterine Artery-Nerve Dataset/train/Masks/artery/7_2_551600.png,UD Ureter-Uterine Artery-Nerve Dataset/train/Frames/7_2_551600.png,UD Ureter-Uterine Artery-Nerve Dataset,artery
UD Ureter-Uterine Artery-Nerve Dataset/train/Masks/artery/7_2_722400.png,UD Ureter-Uterine Artery-Nerve Dataset/train/Frames/7_2_722400.png,UD Ureter-Uterine Artery-Nerve Dataset,artery
UD Ureter-Uterine Artery-Nerve Dataset/train/Masks/artery/7_2_903600.png,UD Ureter-Uterine Artery-Nerve Dataset/train/Frames/7_2_903600.png,UD Ureter-Uterine Artery-Nerve Dataset,artery
UD Ureter-Uterine Artery-Nerve Dataset/train/Masks/artery/7_2_960000.png,UD Ureter-Uterine Artery-Nerve Dataset/train/Frames/7_2_960000.png,UD Ureter-Uterine Artery-Nerve Dataset,artery
UD Ureter-Uterine Artery-Nerve Dataset/train/Masks/artery/7_3_379600.png,UD Ureter-Uterine Artery-Nerve Dataset/train/Frames/7_3_379600.png,UD Ureter-Uterine Artery-Nerve Dataset,artery
UD Ureter-Uterine Artery-Nerve Dataset/train/Masks/artery/7_3_884400.png,UD Ureter-Uterine Artery-Nerve Dataset/train/Frames/7_3_884400.png,UD Ureter-Uterine Artery-Nerve Dataset,artery
UD Ureter-Uterine Artery-Nerve Dataset/train/Masks/artery/7_3_947200.png,UD Ureter-Uterine Artery-Nerve Dataset/train/Frames/7_3_947200.png,UD Ureter-Uterine Artery-Nerve Dataset,artery
UD Ureter-Uterine Artery-Nerve Dataset/train/Masks/artery/7_4_075200.png,UD Ureter-Uterine Artery-Nerve Dataset/train/Frames/7_4_075200.png,UD Ureter-Uterine Artery-Nerve Dataset,artery
UD Ureter-Uterine Artery-Nerve Dataset/train/Masks/artery/8_11_378000.png,UD Ureter-Uterine Artery-Nerve Dataset/train/Frames/8_11_378000.png,UD Ureter-Uterine Artery-Nerve Dataset,artery
UD Ureter-Uterine Artery-Nerve Dataset/train/Masks/artery/8_2_760400.png,UD Ureter-Uterine Artery-Nerve Dataset/train/Frames/8_2_760400.png,UD Ureter-Uterine Artery-Nerve Dataset,artery
UD Ureter-Uterine Artery-Nerve Dataset/train/Masks/artery/8_3_846000.png,UD Ureter-Uterine Artery-Nerve Dataset/train/Frames/8_3_846000.png,UD Ureter-Uterine Artery-Nerve Dataset,artery
UD Ureter-Uterine Artery-Nerve Dataset/train/Masks/artery/8_4_555600.png,UD Ureter-Uterine Artery-Nerve Dataset/train/Frames/8_4_555600.png,UD Ureter-Uterine Artery-Nerve Dataset,artery
UD Ureter-Uterine Artery-Nerve Dataset/train/Masks/artery/8_6_003200.png,UD Ureter-Uterine Artery-Nerve Dataset/train/Frames/8_6_003200.png,UD Ureter-Uterine Artery-Nerve Dataset,artery
UD Ureter-Uterine Artery-Nerve Dataset/train/Masks/artery/8_7_188000.png,UD Ureter-Uterine Artery-Nerve Dataset/train/Frames/8_7_188000.png,UD Ureter-Uterine Artery-Nerve Dataset,artery
UD Ureter-Uterine Artery-Nerve Dataset/train/Masks/artery/8_7_826000.png,UD Ureter-Uterine Artery-Nerve Dataset/train/Frames/8_7_826000.png,UD Ureter-Uterine Artery-Nerve Dataset,artery
UD Ureter-Uterine Artery-Nerve Dataset/train/Masks/artery/8_8_230400.png,UD Ureter-Uterine Artery-Nerve Dataset/train/Frames/8_8_230400.png,UD Ureter-Uterine Artery-Nerve Dataset,artery
UD Ureter-Uterine Artery-Nerve Dataset/train/Masks/artery/9_10_713200.png,UD Ureter-Uterine Artery-Nerve Dataset/train/Frames/9_10_713200.png,UD Ureter-Uterine Artery-Nerve Dataset,artery
UD Ureter-Uterine Artery-Nerve Dataset/train/Masks/nerve/14_10_130000.png,UD Ureter-Uterine Artery-Nerve Dataset/train/Frames/14_10_130000.png,UD Ureter-Uterine Artery-Nerve Dataset,nerve
UD Ureter-Uterine Artery-Nerve Dataset/train/Masks/nerve/14_10_212333.png,UD Ureter-Uterine Artery-Nerve Dataset/train/Frames/14_10_212333.png,UD Ureter-Uterine Artery-Nerve Dataset,nerve
UD Ureter-Uterine Artery-Nerve Dataset/train/Masks/nerve/14_10_217000.png,UD Ureter-Uterine Artery-Nerve Dataset/train/Frames/14_10_217000.png,UD Ureter-Uterine Artery-Nerve Dataset,nerve
UD Ureter-Uterine Artery-Nerve Dataset/train/Masks/nerve/14_10_234667.png,UD Ureter-Uterine Artery-Nerve Dataset/train/Frames/14_10_234667.png,UD Ureter-Uterine Artery-Nerve Dataset,nerve
UD Ureter-Uterine Artery-Nerve Dataset/train/Masks/nerve/14_10_295667.png,UD Ureter-Uterine Artery-Nerve Dataset/train/Frames/14_10_295667.png,UD Ureter-Uterine Artery-Nerve Dataset,nerve
UD Ureter-Uterine Artery-Nerve Dataset/train/Masks/nerve/14_10_355667.png,UD Ureter-Uterine Artery-Nerve Dataset/train/Frames/14_10_355667.png,UD Ureter-Uterine Artery-Nerve Dataset,nerve
UD Ureter-Uterine Artery-Nerve Dataset/train/Masks/nerve/14_1_035667.png,UD Ureter-Uterine Artery-Nerve Dataset/train/Frames/14_1_035667.png,UD Ureter-Uterine Artery-Nerve Dataset,nerve
UD Ureter-Uterine Artery-Nerve Dataset/train/Masks/nerve/14_1_041000.png,UD Ureter-Uterine Artery-Nerve Dataset/train/Frames/14_1_041000.png,UD Ureter-Uterine Artery-Nerve Dataset,nerve
UD Ureter-Uterine Artery-Nerve Dataset/train/Masks/nerve/14_1_355333.png,UD Ureter-Uterine Artery-Nerve Dataset/train/Frames/14_1_355333.png,UD Ureter-Uterine Artery-Nerve Dataset,nerve
UD Ureter-Uterine Artery-Nerve Dataset/train/Masks/nerve/14_1_513667.png,UD Ureter-Uterine Artery-Nerve Dataset/train/Frames/14_1_513667.png,UD Ureter-Uterine Artery-Nerve Dataset,nerve
UD Ureter-Uterine Artery-Nerve Dataset/train/Masks/nerve/14_1_682000.png,UD Ureter-Uterine Artery-Nerve Dataset/train/Frames/14_1_682000.png,UD Ureter-Uterine Artery-Nerve Dataset,nerve
UD Ureter-Uterine Artery-Nerve Dataset/train/Masks/nerve/14_1_825667.png,UD Ureter-Uterine Artery-Nerve Dataset/train/Frames/14_1_825667.png,UD Ureter-Uterine Artery-Nerve Dataset,nerve
UD Ureter-Uterine Artery-Nerve Dataset/train/Masks/nerve/14_1_992000.png,UD Ureter-Uterine Artery-Nerve Dataset/train/Frames/14_1_992000.png,UD Ureter-Uterine Artery-Nerve Dataset,nerve
UD Ureter-Uterine Artery-Nerve Dataset/train/Masks/nerve/14_2_952667.png,UD Ureter-Uterine Artery-Nerve Dataset/train/Frames/14_2_952667.png,UD Ureter-Uterine Artery-Nerve Dataset,nerve
UD Ureter-Uterine Artery-Nerve Dataset/train/Masks/nerve/14_2_972000.png,UD Ureter-Uterine Artery-Nerve Dataset/train/Frames/14_2_972000.png,UD Ureter-Uterine Artery-Nerve Dataset,nerve
UD Ureter-Uterine Artery-Nerve Dataset/train/Masks/nerve/14_3_380667.png,UD Ureter-Uterine Artery-Nerve Dataset/train/Frames/14_3_380667.png,UD Ureter-Uterine Artery-Nerve Dataset,nerve
UD Ureter-Uterine Artery-Nerve Dataset/train/Masks/nerve/14_4_067333.png,UD Ureter-Uterine Artery-Nerve Dataset/train/Frames/14_4_067333.png,UD Ureter-Uterine Artery-Nerve Dataset,nerve
UD Ureter-Uterine Artery-Nerve Dataset/train/Masks/nerve/14_4_183000.png,UD Ureter-Uterine Artery-Nerve Dataset/train/Frames/14_4_183000.png,UD Ureter-Uterine Artery-Nerve Dataset,nerve
UD Ureter-Uterine Artery-Nerve Dataset/train/Masks/nerve/14_4_499333.png,UD Ureter-Uterine Artery-Nerve Dataset/train/Frames/14_4_499333.png,UD Ureter-Uterine Artery-Nerve Dataset,nerve
UD Ureter-Uterine Artery-Nerve Dataset/train/Masks/nerve/14_4_677000.png,UD Ureter-Uterine Artery-Nerve Dataset/train/Frames/14_4_677000.png,UD Ureter-Uterine Artery-Nerve Dataset,nerve
UD Ureter-Uterine Artery-Nerve Dataset/train/Masks/nerve/14_4_749000.png,UD Ureter-Uterine Artery-Nerve Dataset/train/Frames/14_4_749000.png,UD Ureter-Uterine Artery-Nerve Dataset,nerve
UD Ureter-Uterine Artery-Nerve Dataset/train/Masks/nerve/14_5_178333.png,UD Ureter-Uterine Artery-Nerve Dataset/train/Frames/14_5_178333.png,UD Ureter-Uterine Artery-Nerve Dataset,nerve
UD Ureter-Uterine Artery-Nerve Dataset/train/Masks/nerve/14_5_220000.png,UD Ureter-Uterine Artery-Nerve Dataset/train/Frames/14_5_220000.png,UD Ureter-Uterine Artery-Nerve Dataset,nerve
UD Ureter-Uterine Artery-Nerve Dataset/train/Masks/nerve/14_7_528667.png,UD Ureter-Uterine Artery-Nerve Dataset/train/Frames/14_7_528667.png,UD Ureter-Uterine Artery-Nerve Dataset,nerve
UD Ureter-Uterine Artery-Nerve Dataset/train/Masks/nerve/14_7_560000.png,UD Ureter-Uterine Artery-Nerve Dataset/train/Frames/14_7_560000.png,UD Ureter-Uterine Artery-Nerve Dataset,nerve
UD Ureter-Uterine Artery-Nerve Dataset/train/Masks/nerve/14_7_925333.png,UD Ureter-Uterine Artery-Nerve Dataset/train/Frames/14_7_925333.png,UD Ureter-Uterine Artery-Nerve Dataset,nerve
UD Ureter-Uterine Artery-Nerve Dataset/train/Masks/nerve/14_8_042667.png,UD Ureter-Uterine Artery-Nerve Dataset/train/Frames/14_8_042667.png,UD Ureter-Uterine Artery-Nerve Dataset,nerve
UD Ureter-Uterine Artery-Nerve Dataset/train/Masks/nerve/14_8_081333.png,UD Ureter-Uterine Artery-Nerve Dataset/train/Frames/14_8_081333.png,UD Ureter-Uterine Artery-Nerve Dataset,nerve
UD Ureter-Uterine Artery-Nerve Dataset/train/Masks/nerve/14_8_159667.png,UD Ureter-Uterine Artery-Nerve Dataset/train/Frames/14_8_159667.png,UD Ureter-Uterine Artery-Nerve Dataset,nerve
UD Ureter-Uterine Artery-Nerve Dataset/train/Masks/nerve/14_8_450667.png,UD Ureter-Uterine Artery-Nerve Dataset/train/Frames/14_8_450667.png,UD Ureter-Uterine Artery-Nerve Dataset,nerve
UD Ureter-Uterine Artery-Nerve Dataset/train/Masks/nerve/14_8_476000.png,UD Ureter-Uterine Artery-Nerve Dataset/train/Frames/14_8_476000.png,UD Ureter-Uterine Artery-Nerve Dataset,nerve
UD Ureter-Uterine Artery-Nerve Dataset/train/Masks/nerve/14_8_537667.png,UD Ureter-Uterine Artery-Nerve Dataset/train/Frames/14_8_537667.png,UD Ureter-Uterine Artery-Nerve Dataset,nerve
UD Ureter-Uterine Artery-Nerve Dataset/train/Masks/nerve/14_8_695667.png,UD Ureter-Uterine Artery-Nerve Dataset/train/Frames/14_8_695667.png,UD Ureter-Uterine Artery-Nerve Dataset,nerve
UD Ureter-Uterine Artery-Nerve Dataset/train/Masks/nerve/14_8_779333.png,UD Ureter-Uterine Artery-Nerve Dataset/train/Frames/14_8_779333.png,UD Ureter-Uterine Artery-Nerve Dataset,nerve
UD Ureter-Uterine Artery-Nerve Dataset/train/Masks/nerve/14_9_667333.png,UD Ureter-Uterine Artery-Nerve Dataset/train/Frames/14_9_667333.png,UD Ureter-Uterine Artery-Nerve Dataset,nerve
UD Ureter-Uterine Artery-Nerve Dataset/train/Masks/nerve/14_9_747667.png,UD Ureter-Uterine Artery-Nerve Dataset/train/Frames/14_9_747667.png,UD Ureter-Uterine Artery-Nerve Dataset,nerve
UD Ureter-Uterine Artery-Nerve Dataset/train/Masks/nerve/14_9_768667.png,UD Ureter-Uterine Artery-Nerve Dataset/train/Frames/14_9_768667.png,UD Ureter-Uterine Artery-Nerve Dataset,nerve
UD Ureter-Uterine Artery-Nerve Dataset/train/Masks/nerve/14_9_961667.png,UD Ureter-Uterine Artery-Nerve Dataset/train/Frames/14_9_961667.png,UD Ureter-Uterine Artery-Nerve Dataset,nerve
UD Ureter-Uterine Artery-Nerve Dataset/train/Masks/nerve/15_0_130000.png,UD Ureter-Uterine Artery-Nerve Dataset/train/Frames/15_0_130000.png,UD Ureter-Uterine Artery-Nerve Dataset,nerve
UD Ureter-Uterine Artery-Nerve Dataset/train/Masks/nerve/15_0_827667.png,UD Ureter-Uterine Artery-Nerve Dataset/train/Frames/15_0_827667.png,UD Ureter-Uterine Artery-Nerve Dataset,nerve
UD Ureter-Uterine Artery-Nerve Dataset/train/Masks/nerve/15_1_299667.png,UD Ureter-Uterine Artery-Nerve Dataset/train/Frames/15_1_299667.png,UD Ureter-Uterine Artery-Nerve Dataset,nerve
UD Ureter-Uterine Artery-Nerve Dataset/train/Masks/nerve/15_1_417000.png,UD Ureter-Uterine Artery-Nerve Dataset/train/Frames/15_1_417000.png,UD Ureter-Uterine Artery-Nerve Dataset,nerve
UD Ureter-Uterine Artery-Nerve Dataset/train/Masks/nerve/15_2_145667.png,UD Ureter-Uterine Artery-Nerve Dataset/train/Frames/15_2_145667.png,UD Ureter-Uterine Artery-Nerve Dataset,nerve
UD Ureter-Uterine Artery-Nerve Dataset/train/Masks/nerve/15_2_444000.png,UD Ureter-Uterine Artery-Nerve Dataset/train/Frames/15_2_444000.png,UD Ureter-Uterine Artery-Nerve Dataset,nerve
UD Ureter-Uterine Artery-Nerve Dataset/train/Masks/nerve/15_2_658000.png,UD Ureter-Uterine Artery-Nerve Dataset/train/Frames/15_2_658000.png,UD Ureter-Uterine Artery-Nerve Dataset,nerve
UD Ureter-Uterine Artery-Nerve Dataset/train/Masks/nerve/15_2_740333.png,UD Ureter-Uterine Artery-Nerve Dataset/train/Frames/15_2_740333.png,UD Ureter-Uterine Artery-Nerve Dataset,nerve
UD Ureter-Uterine Artery-Nerve Dataset/train/Masks/nerve/15_2_775667.png,UD Ureter-Uterine Artery-Nerve Dataset/train/Frames/15_2_775667.png,UD Ureter-Uterine Artery-Nerve Dataset,nerve
UD Ureter-Uterine Artery-Nerve Dataset/train/Masks/nerve/15_2_785333.png,UD Ureter-Uterine Artery-Nerve Dataset/train/Frames/15_2_785333.png,UD Ureter-Uterine Artery-Nerve Dataset,nerve
UD Ureter-Uterine Artery-Nerve Dataset/train/Masks/nerve/15_2_811000.png,UD Ureter-Uterine Artery-Nerve Dataset/train/Frames/15_2_811000.png,UD Ureter-Uterine Artery-Nerve Dataset,nerve
UD Ureter-Uterine Artery-Nerve Dataset/train/Masks/nerve/15_3_676667.png,UD Ureter-Uterine Artery-Nerve Dataset/train/Frames/15_3_676667.png,UD Ureter-Uterine Artery-Nerve Dataset,nerve
UD Ureter-Uterine Artery-Nerve Dataset/train/Masks/nerve/15_3_717333.png,UD Ureter-Uterine Artery-Nerve Dataset/train/Frames/15_3_717333.png,UD Ureter-Uterine Artery-Nerve Dataset,nerve
UD Ureter-Uterine Artery-Nerve Dataset/train/Masks/nerve/15_3_820000.png,UD Ureter-Uterine Artery-Nerve Dataset/train/Frames/15_3_820000.png,UD Ureter-Uterine Artery-Nerve Dataset,nerve
UD Ureter-Uterine Artery-Nerve Dataset/train/Masks/nerve/15_3_837667.png,UD Ureter-Uterine Artery-Nerve Dataset/train/Frames/15_3_837667.png,UD Ureter-Uterine Artery-Nerve Dataset,nerve
UD Ureter-Uterine Artery-Nerve Dataset/train/Masks/nerve/15_4_150667.png,UD Ureter-Uterine Artery-Nerve Dataset/train/Frames/15_4_150667.png,UD Ureter-Uterine Artery-Nerve Dataset,nerve
UD Ureter-Uterine Artery-Nerve Dataset/train/Masks/nerve/15_5_119667.png,UD Ureter-Uterine Artery-Nerve Dataset/train/Frames/15_5_119667.png,UD Ureter-Uterine Artery-Nerve Dataset,nerve
UD Ureter-Uterine Artery-Nerve Dataset/train/Masks/nerve/15_5_165000.png,UD Ureter-Uterine Artery-Nerve Dataset/train/Frames/15_5_165000.png,UD Ureter-Uterine Artery-Nerve Dataset,nerve
UD Ureter-Uterine Artery-Nerve Dataset/train/Masks/nerve/15_5_442667.png,UD Ureter-Uterine Artery-Nerve Dataset/train/Frames/15_5_442667.png,UD Ureter-Uterine Artery-Nerve Dataset,nerve
UD Ureter-Uterine Artery-Nerve Dataset/train/Masks/nerve/15_5_524333.png,UD Ureter-Uterine Artery-Nerve Dataset/train/Frames/15_5_524333.png,UD Ureter-Uterine Artery-Nerve Dataset,nerve
UD Ureter-Uterine Artery-Nerve Dataset/train/Masks/nerve/15_5_790333.png,UD Ureter-Uterine Artery-Nerve Dataset/train/Frames/15_5_790333.png,UD Ureter-Uterine Artery-Nerve Dataset,nerve
UD Ureter-Uterine Artery-Nerve Dataset/train/Masks/nerve/15_5_974000.png,UD Ureter-Uterine Artery-Nerve Dataset/train/Frames/15_5_974000.png,UD Ureter-Uterine Artery-Nerve Dataset,nerve
UD Ureter-Uterine Artery-Nerve Dataset/train/Masks/nerve/15_5_998333.png,UD Ureter-Uterine Artery-Nerve Dataset/train/Frames/15_5_998333.png,UD Ureter-Uterine Artery-Nerve Dataset,nerve
UD Ureter-Uterine Artery-Nerve Dataset/train/Masks/nerve/15_6_194667.png,UD Ureter-Uterine Artery-Nerve Dataset/train/Frames/15_6_194667.png,UD Ureter-Uterine Artery-Nerve Dataset,nerve
UD Ureter-Uterine Artery-Nerve Dataset/train/Masks/nerve/15_6_204333.png,UD Ureter-Uterine Artery-Nerve Dataset/train/Frames/15_6_204333.png,UD Ureter-Uterine Artery-Nerve Dataset,nerve
UD Ureter-Uterine Artery-Nerve Dataset/train/Masks/nerve/15_6_386333.png,UD Ureter-Uterine Artery-Nerve Dataset/train/Frames/15_6_386333.png,UD Ureter-Uterine Artery-Nerve Dataset,nerve
UD Ureter-Uterine Artery-Nerve Dataset/train/Masks/nerve/15_6_391000.png,UD Ureter-Uterine Artery-Nerve Dataset/train/Frames/15_6_391000.png,UD Ureter-Uterine Artery-Nerve Dataset,nerve
UD Ureter-Uterine Artery-Nerve Dataset/train/Masks/nerve/15_6_723000.png,UD Ureter-Uterine Artery-Nerve Dataset/train/Frames/15_6_723000.png,UD Ureter-Uterine Artery-Nerve Dataset,nerve
UD Ureter-Uterine Artery-Nerve Dataset/train/Masks/nerve/18_0_319000.png,UD Ureter-Uterine Artery-Nerve Dataset/train/Frames/18_0_319000.png,UD Ureter-Uterine Artery-Nerve Dataset,nerve
UD Ureter-Uterine Artery-Nerve Dataset/train/Masks/nerve/18_0_933000.png,UD Ureter-Uterine Artery-Nerve Dataset/train/Frames/18_0_933000.png,UD Ureter-Uterine Artery-Nerve Dataset,nerve
UD Ureter-Uterine Artery-Nerve Dataset/train/Masks/nerve/18_10_254667.png,UD Ureter-Uterine Artery-Nerve Dataset/train/Frames/18_10_254667.png,UD Ureter-Uterine Artery-Nerve Dataset,nerve
UD Ureter-Uterine Artery-Nerve Dataset/train/Masks/nerve/18_10_693000.png,UD Ureter-Uterine Artery-Nerve Dataset/train/Frames/18_10_693000.png,UD Ureter-Uterine Artery-Nerve Dataset,nerve
UD Ureter-Uterine Artery-Nerve Dataset/train/Masks/nerve/18_1_213000.png,UD Ureter-Uterine Artery-Nerve Dataset/train/Frames/18_1_213000.png,UD Ureter-Uterine Artery-Nerve Dataset,nerve
UD Ureter-Uterine Artery-Nerve Dataset/train/Masks/nerve/18_1_281333.png,UD Ureter-Uterine Artery-Nerve Dataset/train/Frames/18_1_281333.png,UD Ureter-Uterine Artery-Nerve Dataset,nerve
UD Ureter-Uterine Artery-Nerve Dataset/train/Masks/nerve/18_3_237000.png,UD Ureter-Uterine Artery-Nerve Dataset/train/Frames/18_3_237000.png,UD Ureter-Uterine Artery-Nerve Dataset,nerve
UD Ureter-Uterine Artery-Nerve Dataset/train/Masks/nerve/18_3_289333.png,UD Ureter-Uterine Artery-Nerve Dataset/train/Frames/18_3_289333.png,UD Ureter-Uterine Artery-Nerve Dataset,nerve
UD Ureter-Uterine Artery-Nerve Dataset/train/Masks/nerve/18_3_396000.png,UD Ureter-Uterine Artery-Nerve Dataset/train/Frames/18_3_396000.png,UD Ureter-Uterine Artery-Nerve Dataset,nerve
UD Ureter-Uterine Artery-Nerve Dataset/train/Masks/nerve/18_3_478000.png,UD Ureter-Uterine Artery-Nerve Dataset/train/Frames/18_3_478000.png,UD Ureter-Uterine Artery-Nerve Dataset,nerve
UD Ureter-Uterine Artery-Nerve Dataset/train/Masks/nerve/18_3_830333.png,UD Ureter-Uterine Artery-Nerve Dataset/train/Frames/18_3_830333.png,UD Ureter-Uterine Artery-Nerve Dataset,nerve
UD Ureter-Uterine Artery-Nerve Dataset/train/Masks/nerve/18_4_135333.png,UD Ureter-Uterine Artery-Nerve Dataset/train/Frames/18_4_135333.png,UD Ureter-Uterine Artery-Nerve Dataset,nerve
UD Ureter-Uterine Artery-Nerve Dataset/train/Masks/nerve/18_6_310000.png,UD Ureter-Uterine Artery-Nerve Dataset/train/Frames/18_6_310000.png,UD Ureter-Uterine Artery-Nerve Dataset,nerve
UD Ureter-Uterine Artery-Nerve Dataset/train/Masks/nerve/18_6_410333.png,UD Ureter-Uterine Artery-Nerve Dataset/train/Frames/18_6_410333.png,UD Ureter-Uterine Artery-Nerve Dataset,nerve
UD Ureter-Uterine Artery-Nerve Dataset/train/Masks/nerve/18_6_492000.png,UD Ureter-Uterine Artery-Nerve Dataset/train/Frames/18_6_492000.png,UD Ureter-Uterine Artery-Nerve Dataset,nerve
UD Ureter-Uterine Artery-Nerve Dataset/train/Masks/nerve/18_6_578333.png,UD Ureter-Uterine Artery-Nerve Dataset/train/Frames/18_6_578333.png,UD Ureter-Uterine Artery-Nerve Dataset,nerve
UD Ureter-Uterine Artery-Nerve Dataset/train/Masks/nerve/18_6_797333.png,UD Ureter-Uterine Artery-Nerve Dataset/train/Frames/18_6_797333.png,UD Ureter-Uterine Artery-Nerve Dataset,nerve
UD Ureter-Uterine Artery-Nerve Dataset/train/Masks/nerve/18_7_037667.png,UD Ureter-Uterine Artery-Nerve Dataset/train/Frames/18_7_037667.png,UD Ureter-Uterine Artery-Nerve Dataset,nerve
UD Ureter-Uterine Artery-Nerve Dataset/train/Masks/nerve/18_7_760333.png,UD Ureter-Uterine Artery-Nerve Dataset/train/Frames/18_7_760333.png,UD Ureter-Uterine Artery-Nerve Dataset,nerve
UD Ureter-Uterine Artery-Nerve Dataset/train/Masks/nerve/18_7_966000.png,UD Ureter-Uterine Artery-Nerve Dataset/train/Frames/18_7_966000.png,UD Ureter-Uterine Artery-Nerve Dataset,nerve
UD Ureter-Uterine Artery-Nerve Dataset/train/Masks/nerve/19_0_412333.png,UD Ureter-Uterine Artery-Nerve Dataset/train/Frames/19_0_412333.png,UD Ureter-Uterine Artery-Nerve Dataset,nerve
UD Ureter-Uterine Artery-Nerve Dataset/train/Masks/nerve/19_10_519333.png,UD Ureter-Uterine Artery-Nerve Dataset/train/Frames/19_10_519333.png,UD Ureter-Uterine Artery-Nerve Dataset,nerve
UD Ureter-Uterine Artery-Nerve Dataset/train/Masks/nerve/19_10_674667.png,UD Ureter-Uterine Artery-Nerve Dataset/train/Frames/19_10_674667.png,UD Ureter-Uterine Artery-Nerve Dataset,nerve
UD Ureter-Uterine Artery-Nerve Dataset/train/Masks/nerve/19_10_788333.png,UD Ureter-Uterine Artery-Nerve Dataset/train/Frames/19_10_788333.png,UD Ureter-Uterine Artery-Nerve Dataset,nerve
UD Ureter-Uterine Artery-Nerve Dataset/train/Masks/nerve/19_1_078000.png,UD Ureter-Uterine Artery-Nerve Dataset/train/Frames/19_1_078000.png,UD Ureter-Uterine Artery-Nerve Dataset,nerve
UD Ureter-Uterine Artery-Nerve Dataset/train/Masks/nerve/19_1_165667.png,UD Ureter-Uterine Artery-Nerve Dataset/train/Frames/19_1_165667.png,UD Ureter-Uterine Artery-Nerve Dataset,nerve
UD Ureter-Uterine Artery-Nerve Dataset/train/Masks/nerve/19_1_490667.png,UD Ureter-Uterine Artery-Nerve Dataset/train/Frames/19_1_490667.png,UD Ureter-Uterine Artery-Nerve Dataset,nerve
UD Ureter-Uterine Artery-Nerve Dataset/train/Masks/nerve/19_2_158667.png,UD Ureter-Uterine Artery-Nerve Dataset/train/Frames/19_2_158667.png,UD Ureter-Uterine Artery-Nerve Dataset,nerve
UD Ureter-Uterine Artery-Nerve Dataset/train/Masks/nerve/19_2_529333.png,UD Ureter-Uterine Artery-Nerve Dataset/train/Frames/19_2_529333.png,UD Ureter-Uterine Artery-Nerve Dataset,nerve
UD Ureter-Uterine Artery-Nerve Dataset/train/Masks/nerve/19_5_138000.png,UD Ureter-Uterine Artery-Nerve Dataset/train/Frames/19_5_138000.png,UD Ureter-Uterine Artery-Nerve Dataset,nerve
UD Ureter-Uterine Artery-Nerve Dataset/train/Masks/nerve/19_5_236667.png,UD Ureter-Uterine Artery-Nerve Dataset/train/Frames/19_5_236667.png,UD Ureter-Uterine Artery-Nerve Dataset,nerve
UD Ureter-Uterine Artery-Nerve Dataset/train/Masks/nerve/19_5_339333.png,UD Ureter-Uterine Artery-Nerve Dataset/train/Frames/19_5_339333.png,UD Ureter-Uterine Artery-Nerve Dataset,nerve
UD Ureter-Uterine Artery-Nerve Dataset/train/Masks/nerve/19_5_344000.png,UD Ureter-Uterine Artery-Nerve Dataset/train/Frames/19_5_344000.png,UD Ureter-Uterine Artery-Nerve Dataset,nerve
UD Ureter-Uterine Artery-Nerve Dataset/train/Masks/nerve/19_5_394000.png,UD Ureter-Uterine Artery-Nerve Dataset/train/Frames/19_5_394000.png,UD Ureter-Uterine Artery-Nerve Dataset,nerve
UD Ureter-Uterine Artery-Nerve Dataset/train/Masks/nerve/19_5_456333.png,UD Ureter-Uterine Artery-Nerve Dataset/train/Frames/19_5_456333.png,UD Ureter-Uterine Artery-Nerve Dataset,nerve
UD Ureter-Uterine Artery-Nerve Dataset/train/Masks/nerve/19_5_458333.png,UD Ureter-Uterine Artery-Nerve Dataset/train/Frames/19_5_458333.png,UD Ureter-Uterine Artery-Nerve Dataset,nerve
UD Ureter-Uterine Artery-Nerve Dataset/train/Masks/nerve/19_5_692000.png,UD Ureter-Uterine Artery-Nerve Dataset/train/Frames/19_5_692000.png,UD Ureter-Uterine Artery-Nerve Dataset,nerve
UD Ureter-Uterine Artery-Nerve Dataset/train/Masks/nerve/19_5_972333.png,UD Ureter-Uterine Artery-Nerve Dataset/train/Frames/19_5_972333.png,UD Ureter-Uterine Artery-Nerve Dataset,nerve
UD Ureter-Uterine Artery-Nerve Dataset/train/Masks/nerve/19_6_291667.png,UD Ureter-Uterine Artery-Nerve Dataset/train/Frames/19_6_291667.png,UD Ureter-Uterine Artery-Nerve Dataset,nerve
UD Ureter-Uterine Artery-Nerve Dataset/train/Masks/nerve/19_6_654333.png,UD Ureter-Uterine Artery-Nerve Dataset/train/Frames/19_6_654333.png,UD Ureter-Uterine Artery-Nerve Dataset,nerve
UD Ureter-Uterine Artery-Nerve Dataset/train/Masks/nerve/19_6_739000.png,UD Ureter-Uterine Artery-Nerve Dataset/train/Frames/19_6_739000.png,UD Ureter-Uterine Artery-Nerve Dataset,nerve
UD Ureter-Uterine Artery-Nerve Dataset/train/Masks/nerve/19_6_815333.png,UD Ureter-Uterine Artery-Nerve Dataset/train/Frames/19_6_815333.png,UD Ureter-Uterine Artery-Nerve Dataset,nerve
UD Ureter-Uterine Artery-Nerve Dataset/train/Masks/nerve/19_8_693000.png,UD Ureter-Uterine Artery-Nerve Dataset/train/Frames/19_8_693000.png,UD Ureter-Uterine Artery-Nerve Dataset,nerve
UD Ureter-Uterine Artery-Nerve Dataset/train/Masks/nerve/19_8_787667.png,UD Ureter-Uterine Artery-Nerve Dataset/train/Frames/19_8_787667.png,UD Ureter-Uterine Artery-Nerve Dataset,nerve
UD Ureter-Uterine Artery-Nerve Dataset/train/Masks/nerve/19_9_376667.png,UD Ureter-Uterine Artery-Nerve Dataset/train/Frames/19_9_376667.png,UD Ureter-Uterine Artery-Nerve Dataset,nerve
UD Ureter-Uterine Artery-Nerve Dataset/train/Masks/nerve/19_9_665000.png,UD Ureter-Uterine Artery-Nerve Dataset/train/Frames/19_9_665000.png,UD Ureter-Uterine Artery-Nerve Dataset,nerve
UD Ureter-Uterine Artery-Nerve Dataset/train/Masks/nerve/19_9_863333.png,UD Ureter-Uterine Artery-Nerve Dataset/train/Frames/19_9_863333.png,UD Ureter-Uterine Artery-Nerve Dataset,nerve
UD Ureter-Uterine Artery-Nerve Dataset/train/Masks/nerve/19_9_871667.png,UD Ureter-Uterine Artery-Nerve Dataset/train/Frames/19_9_871667.png,UD Ureter-Uterine Artery-Nerve Dataset,nerve
UD Ureter-Uterine Artery-Nerve Dataset/train/Masks/nerve/19_9_971667.png,UD Ureter-Uterine Artery-Nerve Dataset/train/Frames/19_9_971667.png,UD Ureter-Uterine Artery-Nerve Dataset,nerve
UD Ureter-Uterine Artery-Nerve Dataset/train/Masks/ureter/12_0_998333.png,UD Ureter-Uterine Artery-Nerve Dataset/train/Frames/12_0_998333.png,UD Ureter-Uterine Artery-Nerve Dataset,ureter
UD Ureter-Uterine Artery-Nerve Dataset/train/Masks/ureter/12_10_500333.png,UD Ureter-Uterine Artery-Nerve Dataset/train/Frames/12_10_500333.png,UD Ureter-Uterine Artery-Nerve Dataset,ureter
UD Ureter-Uterine Artery-Nerve Dataset/train/Masks/ureter/12_1_430667.png,UD Ureter-Uterine Artery-Nerve Dataset/train/Frames/12_1_430667.png,UD Ureter-Uterine Artery-Nerve Dataset,ureter
UD Ureter-Uterine Artery-Nerve Dataset/train/Masks/ureter/12_2_027667.png,UD Ureter-Uterine Artery-Nerve Dataset/train/Frames/12_2_027667.png,UD Ureter-Uterine Artery-Nerve Dataset,ureter
UD Ureter-Uterine Artery-Nerve Dataset/train/Masks/ureter/12_2_804667.png,UD Ureter-Uterine Artery-Nerve Dataset/train/Frames/12_2_804667.png,UD Ureter-Uterine Artery-Nerve Dataset,ureter
UD Ureter-Uterine Artery-Nerve Dataset/train/Masks/ureter/12_3_051333.png,UD Ureter-Uterine Artery-Nerve Dataset/train/Frames/12_3_051333.png,UD Ureter-Uterine Artery-Nerve Dataset,ureter
UD Ureter-Uterine Artery-Nerve Dataset/train/Masks/ureter/12_3_108667.png,UD Ureter-Uterine Artery-Nerve Dataset/train/Frames/12_3_108667.png,UD Ureter-Uterine Artery-Nerve Dataset,ureter
UD Ureter-Uterine Artery-Nerve Dataset/train/Masks/ureter/12_3_728333.png,UD Ureter-Uterine Artery-Nerve Dataset/train/Frames/12_3_728333.png,UD Ureter-Uterine Artery-Nerve Dataset,ureter
UD Ureter-Uterine Artery-Nerve Dataset/train/Masks/ureter/12_4_081000.png,UD Ureter-Uterine Artery-Nerve Dataset/train/Frames/12_4_081000.png,UD Ureter-Uterine Artery-Nerve Dataset,ureter
UD Ureter-Uterine Artery-Nerve Dataset/train/Masks/ureter/12_4_088333.png,UD Ureter-Uterine Artery-Nerve Dataset/train/Frames/12_4_088333.png,UD Ureter-Uterine Artery-Nerve Dataset,ureter
UD Ureter-Uterine Artery-Nerve Dataset/train/Masks/ureter/12_4_288000.png,UD Ureter-Uterine Artery-Nerve Dataset/train/Frames/12_4_288000.png,UD Ureter-Uterine Artery-Nerve Dataset,ureter
UD Ureter-Uterine Artery-Nerve Dataset/train/Masks/ureter/12_4_713000.png,UD Ureter-Uterine Artery-Nerve Dataset/train/Frames/12_4_713000.png,UD Ureter-Uterine Artery-Nerve Dataset,ureter
UD Ureter-Uterine Artery-Nerve Dataset/train/Masks/ureter/12_4_746333.png,UD Ureter-Uterine Artery-Nerve Dataset/train/Frames/12_4_746333.png,UD Ureter-Uterine Artery-Nerve Dataset,ureter
UD Ureter-Uterine Artery-Nerve Dataset/train/Masks/ureter/12_4_886667.png,UD Ureter-Uterine Artery-Nerve Dataset/train/Frames/12_4_886667.png,UD Ureter-Uterine Artery-Nerve Dataset,ureter
UD Ureter-Uterine Artery-Nerve Dataset/train/Masks/ureter/12_5_412667.png,UD Ureter-Uterine Artery-Nerve Dataset/train/Frames/12_5_412667.png,UD Ureter-Uterine Artery-Nerve Dataset,ureter
UD Ureter-Uterine Artery-Nerve Dataset/train/Masks/ureter/12_5_813000.png,UD Ureter-Uterine Artery-Nerve Dataset/train/Frames/12_5_813000.png,UD Ureter-Uterine Artery-Nerve Dataset,ureter
UD Ureter-Uterine Artery-Nerve Dataset/train/Masks/ureter/12_6_210000.png,UD Ureter-Uterine Artery-Nerve Dataset/train/Frames/12_6_210000.png,UD Ureter-Uterine Artery-Nerve Dataset,ureter
UD Ureter-Uterine Artery-Nerve Dataset/train/Masks/ureter/12_6_253333.png,UD Ureter-Uterine Artery-Nerve Dataset/train/Frames/12_6_253333.png,UD Ureter-Uterine Artery-Nerve Dataset,ureter
UD Ureter-Uterine Artery-Nerve Dataset/train/Masks/ureter/12_6_493333.png,UD Ureter-Uterine Artery-Nerve Dataset/train/Frames/12_6_493333.png,UD Ureter-Uterine Artery-Nerve Dataset,ureter
UD Ureter-Uterine Artery-Nerve Dataset/train/Masks/ureter/12_7_331333.png,UD Ureter-Uterine Artery-Nerve Dataset/train/Frames/12_7_331333.png,UD Ureter-Uterine Artery-Nerve Dataset,ureter
UD Ureter-Uterine Artery-Nerve Dataset/train/Masks/ureter/12_7_343000.png,UD Ureter-Uterine Artery-Nerve Dataset/train/Frames/12_7_343000.png,UD Ureter-Uterine Artery-Nerve Dataset,ureter
UD Ureter-Uterine Artery-Nerve Dataset/train/Masks/ureter/12_7_496000.png,UD Ureter-Uterine Artery-Nerve Dataset/train/Frames/12_7_496000.png,UD Ureter-Uterine Artery-Nerve Dataset,ureter
UD Ureter-Uterine Artery-Nerve Dataset/train/Masks/ureter/21_0_376000.png,UD Ureter-Uterine Artery-Nerve Dataset/train/Frames/21_0_376000.png,UD Ureter-Uterine Artery-Nerve Dataset,ureter
UD Ureter-Uterine Artery-Nerve Dataset/train/Masks/ureter/21_0_826333.png,UD Ureter-Uterine Artery-Nerve Dataset/train/Frames/21_0_826333.png,UD Ureter-Uterine Artery-Nerve Dataset,ureter
UD Ureter-Uterine Artery-Nerve Dataset/train/Masks/ureter/21_0_919000.png,UD Ureter-Uterine Artery-Nerve Dataset/train/Frames/21_0_919000.png,UD Ureter-Uterine Artery-Nerve Dataset,ureter
UD Ureter-Uterine Artery-Nerve Dataset/train/Masks/ureter/21_10_127000.png,UD Ureter-Uterine Artery-Nerve Dataset/train/Frames/21_10_127000.png,UD Ureter-Uterine Artery-Nerve Dataset,ureter
UD Ureter-Uterine Artery-Nerve Dataset/train/Masks/ureter/21_10_457000.png,UD Ureter-Uterine Artery-Nerve Dataset/train/Frames/21_10_457000.png,UD Ureter-Uterine Artery-Nerve Dataset,ureter
UD Ureter-Uterine Artery-Nerve Dataset/train/Masks/ureter/21_10_841333.png,UD Ureter-Uterine Artery-Nerve Dataset/train/Frames/21_10_841333.png,UD Ureter-Uterine Artery-Nerve Dataset,ureter
UD Ureter-Uterine Artery-Nerve Dataset/train/Masks/ureter/21_10_889333.png,UD Ureter-Uterine Artery-Nerve Dataset/train/Frames/21_10_889333.png,UD Ureter-Uterine Artery-Nerve Dataset,ureter
UD Ureter-Uterine Artery-Nerve Dataset/train/Masks/ureter/21_10_892333.png,UD Ureter-Uterine Artery-Nerve Dataset/train/Frames/21_10_892333.png,UD Ureter-Uterine Artery-Nerve Dataset,ureter
UD Ureter-Uterine Artery-Nerve Dataset/train/Masks/ureter/21_1_065333.png,UD Ureter-Uterine Artery-Nerve Dataset/train/Frames/21_1_065333.png,UD Ureter-Uterine Artery-Nerve Dataset,ureter
UD Ureter-Uterine Artery-Nerve Dataset/train/Masks/ureter/21_1_209000.png,UD Ureter-Uterine Artery-Nerve Dataset/train/Frames/21_1_209000.png,UD Ureter-Uterine Artery-Nerve Dataset,ureter
UD Ureter-Uterine Artery-Nerve Dataset/train/Masks/ureter/21_1_341000.png,UD Ureter-Uterine Artery-Nerve Dataset/train/Frames/21_1_341000.png,UD Ureter-Uterine Artery-Nerve Dataset,ureter
UD Ureter-Uterine Artery-Nerve Dataset/train/Masks/ureter/21_1_387000.png,UD Ureter-Uterine Artery-Nerve Dataset/train/Frames/21_1_387000.png,UD Ureter-Uterine Artery-Nerve Dataset,ureter
UD Ureter-Uterine Artery-Nerve Dataset/train/Masks/ureter/21_1_434333.png,UD Ureter-Uterine Artery-Nerve Dataset/train/Frames/21_1_434333.png,UD Ureter-Uterine Artery-Nerve Dataset,ureter
UD Ureter-Uterine Artery-Nerve Dataset/train/Masks/ureter/21_1_480333.png,UD Ureter-Uterine Artery-Nerve Dataset/train/Frames/21_1_480333.png,UD Ureter-Uterine Artery-Nerve Dataset,ureter
UD Ureter-Uterine Artery-Nerve Dataset/train/Masks/ureter/21_1_511333.png,UD Ureter-Uterine Artery-Nerve Dataset/train/Frames/21_1_511333.png,UD Ureter-Uterine Artery-Nerve Dataset,ureter
UD Ureter-Uterine Artery-Nerve Dataset/train/Masks/ureter/21_1_627333.png,UD Ureter-Uterine Artery-Nerve Dataset/train/Frames/21_1_627333.png,UD Ureter-Uterine Artery-Nerve Dataset,ureter
UD Ureter-Uterine Artery-Nerve Dataset/train/Masks/ureter/21_1_721000.png,UD Ureter-Uterine Artery-Nerve Dataset/train/Frames/21_1_721000.png,UD Ureter-Uterine Artery-Nerve Dataset,ureter
UD Ureter-Uterine Artery-Nerve Dataset/train/Masks/ureter/21_1_766333.png,UD Ureter-Uterine Artery-Nerve Dataset/train/Frames/21_1_766333.png,UD Ureter-Uterine Artery-Nerve Dataset,ureter
UD Ureter-Uterine Artery-Nerve Dataset/train/Masks/ureter/21_1_978333.png,UD Ureter-Uterine Artery-Nerve Dataset/train/Frames/21_1_978333.png,UD Ureter-Uterine Artery-Nerve Dataset,ureter
UD Ureter-Uterine Artery-Nerve Dataset/train/Masks/ureter/21_1_999667.png,UD Ureter-Uterine Artery-Nerve Dataset/train/Frames/21_1_999667.png,UD Ureter-Uterine Artery-Nerve Dataset,ureter
UD Ureter-Uterine Artery-Nerve Dataset/train/Masks/ureter/21_2_038667.png,UD Ureter-Uterine Artery-Nerve Dataset/train/Frames/21_2_038667.png,UD Ureter-Uterine Artery-Nerve Dataset,ureter
UD Ureter-Uterine Artery-Nerve Dataset/train/Masks/ureter/21_2_736000.png,UD Ureter-Uterine Artery-Nerve Dataset/train/Frames/21_2_736000.png,UD Ureter-Uterine Artery-Nerve Dataset,ureter
UD Ureter-Uterine Artery-Nerve Dataset/train/Masks/ureter/21_2_863000.png,UD Ureter-Uterine Artery-Nerve Dataset/train/Frames/21_2_863000.png,UD Ureter-Uterine Artery-Nerve Dataset,ureter
UD Ureter-Uterine Artery-Nerve Dataset/train/Masks/ureter/21_3_010333.png,UD Ureter-Uterine Artery-Nerve Dataset/train/Frames/21_3_010333.png,UD Ureter-Uterine Artery-Nerve Dataset,ureter
UD Ureter-Uterine Artery-Nerve Dataset/train/Masks/ureter/21_3_022000.png,UD Ureter-Uterine Artery-Nerve Dataset/train/Frames/21_3_022000.png,UD Ureter-Uterine Artery-Nerve Dataset,ureter
UD Ureter-Uterine Artery-Nerve Dataset/train/Masks/ureter/21_3_114000.png,UD Ureter-Uterine Artery-Nerve Dataset/train/Frames/21_3_114000.png,UD Ureter-Uterine Artery-Nerve Dataset,ureter
UD Ureter-Uterine Artery-Nerve Dataset/train/Masks/ureter/21_3_388667.png,UD Ureter-Uterine Artery-Nerve Dataset/train/Frames/21_3_388667.png,UD Ureter-Uterine Artery-Nerve Dataset,ureter
UD Ureter-Uterine Artery-Nerve Dataset/train/Masks/ureter/21_4_002000.png,UD Ureter-Uterine Artery-Nerve Dataset/train/Frames/21_4_002000.png,UD Ureter-Uterine Artery-Nerve Dataset,ureter
UD Ureter-Uterine Artery-Nerve Dataset/train/Masks/ureter/21_4_013667.png,UD Ureter-Uterine Artery-Nerve Dataset/train/Frames/21_4_013667.png,UD Ureter-Uterine Artery-Nerve Dataset,ureter
UD Ureter-Uterine Artery-Nerve Dataset/train/Masks/ureter/21_4_236000.png,UD Ureter-Uterine Artery-Nerve Dataset/train/Frames/21_4_236000.png,UD Ureter-Uterine Artery-Nerve Dataset,ureter
UD Ureter-Uterine Artery-Nerve Dataset/train/Masks/ureter/21_4_280667.png,UD Ureter-Uterine Artery-Nerve Dataset/train/Frames/21_4_280667.png,UD Ureter-Uterine Artery-Nerve Dataset,ureter
UD Ureter-Uterine Artery-Nerve Dataset/train/Masks/ureter/21_4_349667.png,UD Ureter-Uterine Artery-Nerve Dataset/train/Frames/21_4_349667.png,UD Ureter-Uterine Artery-Nerve Dataset,ureter
UD Ureter-Uterine Artery-Nerve Dataset/train/Masks/ureter/21_4_369667.png,UD Ureter-Uterine Artery-Nerve Dataset/train/Frames/21_4_369667.png,UD Ureter-Uterine Artery-Nerve Dataset,ureter
UD Ureter-Uterine Artery-Nerve Dataset/train/Masks/ureter/21_4_390000.png,UD Ureter-Uterine Artery-Nerve Dataset/train/Frames/21_4_390000.png,UD Ureter-Uterine Artery-Nerve Dataset,ureter
UD Ureter-Uterine Artery-Nerve Dataset/train/Masks/ureter/21_4_536667.png,UD Ureter-Uterine Artery-Nerve Dataset/train/Frames/21_4_536667.png,UD Ureter-Uterine Artery-Nerve Dataset,ureter
UD Ureter-Uterine Artery-Nerve Dataset/train/Masks/ureter/21_4_786333.png,UD Ureter-Uterine Artery-Nerve Dataset/train/Frames/21_4_786333.png,UD Ureter-Uterine Artery-Nerve Dataset,ureter
UD Ureter-Uterine Artery-Nerve Dataset/train/Masks/ureter/21_4_817667.png,UD Ureter-Uterine Artery-Nerve Dataset/train/Frames/21_4_817667.png,UD Ureter-Uterine Artery-Nerve Dataset,ureter
UD Ureter-Uterine Artery-Nerve Dataset/train/Masks/ureter/21_4_860333.png,UD Ureter-Uterine Artery-Nerve Dataset/train/Frames/21_4_860333.png,UD Ureter-Uterine Artery-Nerve Dataset,ureter
UD Ureter-Uterine Artery-Nerve Dataset/train/Masks/ureter/21_4_898333.png,UD Ureter-Uterine Artery-Nerve Dataset/train/Frames/21_4_898333.png,UD Ureter-Uterine Artery-Nerve Dataset,ureter
UD Ureter-Uterine Artery-Nerve Dataset/train/Masks/ureter/21_5_336333.png,UD Ureter-Uterine Artery-Nerve Dataset/train/Frames/21_5_336333.png,UD Ureter-Uterine Artery-Nerve Dataset,ureter
UD Ureter-Uterine Artery-Nerve Dataset/train/Masks/ureter/21_5_434333.png,UD Ureter-Uterine Artery-Nerve Dataset/train/Frames/21_5_434333.png,UD Ureter-Uterine Artery-Nerve Dataset,ureter
UD Ureter-Uterine Artery-Nerve Dataset/train/Masks/ureter/21_5_545333.png,UD Ureter-Uterine Artery-Nerve Dataset/train/Frames/21_5_545333.png,UD Ureter-Uterine Artery-Nerve Dataset,ureter
UD Ureter-Uterine Artery-Nerve Dataset/train/Masks/ureter/21_5_755000.png,UD Ureter-Uterine Artery-Nerve Dataset/train/Frames/21_5_755000.png,UD Ureter-Uterine Artery-Nerve Dataset,ureter
UD Ureter-Uterine Artery-Nerve Dataset/train/Masks/ureter/21_5_859333.png,UD Ureter-Uterine Artery-Nerve Dataset/train/Frames/21_5_859333.png,UD Ureter-Uterine Artery-Nerve Dataset,ureter
UD Ureter-Uterine Artery-Nerve Dataset/train/Masks/ureter/21_9_712000.png,UD Ureter-Uterine Artery-Nerve Dataset/train/Frames/21_9_712000.png,UD Ureter-Uterine Artery-Nerve Dataset,ureter
UD Ureter-Uterine Artery-Nerve Dataset/train/Masks/ureter/21_9_783667.png,UD Ureter-Uterine Artery-Nerve Dataset/train/Frames/21_9_783667.png,UD Ureter-Uterine Artery-Nerve Dataset,ureter
UD Ureter-Uterine Artery-Nerve Dataset/train/Masks/ureter/21_9_814333.png,UD Ureter-Uterine Artery-Nerve Dataset/train/Frames/21_9_814333.png,UD Ureter-Uterine Artery-Nerve Dataset,ureter
UD Ureter-Uterine Artery-Nerve Dataset/train/Masks/ureter/22_0_012667.png,UD Ureter-Uterine Artery-Nerve Dataset/train/Frames/22_0_012667.png,UD Ureter-Uterine Artery-Nerve Dataset,ureter
UD Ureter-Uterine Artery-Nerve Dataset/train/Masks/ureter/22_0_073333.png,UD Ureter-Uterine Artery-Nerve Dataset/train/Frames/22_0_073333.png,UD Ureter-Uterine Artery-Nerve Dataset,ureter
UD Ureter-Uterine Artery-Nerve Dataset/train/Masks/ureter/22_0_213000.png,UD Ureter-Uterine Artery-Nerve Dataset/train/Frames/22_0_213000.png,UD Ureter-Uterine Artery-Nerve Dataset,ureter
UD Ureter-Uterine Artery-Nerve Dataset/train/Masks/ureter/22_0_367000.png,UD Ureter-Uterine Artery-Nerve Dataset/train/Frames/22_0_367000.png,UD Ureter-Uterine Artery-Nerve Dataset,ureter
UD Ureter-Uterine Artery-Nerve Dataset/train/Masks/ureter/22_0_597000.png,UD Ureter-Uterine Artery-Nerve Dataset/train/Frames/22_0_597000.png,UD Ureter-Uterine Artery-Nerve Dataset,ureter
UD Ureter-Uterine Artery-Nerve Dataset/train/Masks/ureter/22_0_692333.png,UD Ureter-Uterine Artery-Nerve Dataset/train/Frames/22_0_692333.png,UD Ureter-Uterine Artery-Nerve Dataset,ureter
UD Ureter-Uterine Artery-Nerve Dataset/train/Masks/ureter/22_0_993000.png,UD Ureter-Uterine Artery-Nerve Dataset/train/Frames/22_0_993000.png,UD Ureter-Uterine Artery-Nerve Dataset,ureter
UD Ureter-Uterine Artery-Nerve Dataset/train/Masks/ureter/22_10_297000.png,UD Ureter-Uterine Artery-Nerve Dataset/train/Frames/22_10_297000.png,UD Ureter-Uterine Artery-Nerve Dataset,ureter
UD Ureter-Uterine Artery-Nerve Dataset/train/Masks/ureter/22_10_314667.png,UD Ureter-Uterine Artery-Nerve Dataset/train/Frames/22_10_314667.png,UD Ureter-Uterine Artery-Nerve Dataset,ureter
UD Ureter-Uterine Artery-Nerve Dataset/train/Masks/ureter/22_10_583667.png,UD Ureter-Uterine Artery-Nerve Dataset/train/Frames/22_10_583667.png,UD Ureter-Uterine Artery-Nerve Dataset,ureter
UD Ureter-Uterine Artery-Nerve Dataset/train/Masks/ureter/22_10_752667.png,UD Ureter-Uterine Artery-Nerve Dataset/train/Frames/22_10_752667.png,UD Ureter-Uterine Artery-Nerve Dataset,ureter
UD Ureter-Uterine Artery-Nerve Dataset/train/Masks/ureter/22_10_892000.png,UD Ureter-Uterine Artery-Nerve Dataset/train/Frames/22_10_892000.png,UD Ureter-Uterine Artery-Nerve Dataset,ureter
UD Ureter-Uterine Artery-Nerve Dataset/train/Masks/ureter/22_2_851000.png,UD Ureter-Uterine Artery-Nerve Dataset/train/Frames/22_2_851000.png,UD Ureter-Uterine Artery-Nerve Dataset,ureter
UD Ureter-Uterine Artery-Nerve Dataset/train/Masks/ureter/22_3_133333.png,UD Ureter-Uterine Artery-Nerve Dataset/train/Frames/22_3_133333.png,UD Ureter-Uterine Artery-Nerve Dataset,ureter
UD Ureter-Uterine Artery-Nerve Dataset/train/Masks/ureter/22_3_154000.png,UD Ureter-Uterine Artery-Nerve Dataset/train/Frames/22_3_154000.png,UD Ureter-Uterine Artery-Nerve Dataset,ureter
UD Ureter-Uterine Artery-Nerve Dataset/train/Masks/ureter/22_3_559000.png,UD Ureter-Uterine Artery-Nerve Dataset/train/Frames/22_3_559000.png,UD Ureter-Uterine Artery-Nerve Dataset,ureter
UD Ureter-Uterine Artery-Nerve Dataset/train/Masks/ureter/22_4_291333.png,UD Ureter-Uterine Artery-Nerve Dataset/train/Frames/22_4_291333.png,UD Ureter-Uterine Artery-Nerve Dataset,ureter
UD Ureter-Uterine Artery-Nerve Dataset/train/Masks/ureter/22_4_312333.png,UD Ureter-Uterine Artery-Nerve Dataset/train/Frames/22_4_312333.png,UD Ureter-Uterine Artery-Nerve Dataset,ureter
UD Ureter-Uterine Artery-Nerve Dataset/train/Masks/ureter/22_4_420000.png,UD Ureter-Uterine Artery-Nerve Dataset/train/Frames/22_4_420000.png,UD Ureter-Uterine Artery-Nerve Dataset,ureter
UD Ureter-Uterine Artery-Nerve Dataset/train/Masks/ureter/22_4_612333.png,UD Ureter-Uterine Artery-Nerve Dataset/train/Frames/22_4_612333.png,UD Ureter-Uterine Artery-Nerve Dataset,ureter
UD Ureter-Uterine Artery-Nerve Dataset/train/Masks/ureter/22_4_619000.png,UD Ureter-Uterine Artery-Nerve Dataset/train/Frames/22_4_619000.png,UD Ureter-Uterine Artery-Nerve Dataset,ureter
UD Ureter-Uterine Artery-Nerve Dataset/train/Masks/ureter/22_4_803000.png,UD Ureter-Uterine Artery-Nerve Dataset/train/Frames/22_4_803000.png,UD Ureter-Uterine Artery-Nerve Dataset,ureter
UD Ureter-Uterine Artery-Nerve Dataset/train/Masks/ureter/22_4_879333.png,UD Ureter-Uterine Artery-Nerve Dataset/train/Frames/22_4_879333.png,UD Ureter-Uterine Artery-Nerve Dataset,ureter
UD Ureter-Uterine Artery-Nerve Dataset/train/Masks/ureter/22_5_929667.png,UD Ureter-Uterine Artery-Nerve Dataset/train/Frames/22_5_929667.png,UD Ureter-Uterine Artery-Nerve Dataset,ureter
UD Ureter-Uterine Artery-Nerve Dataset/train/Masks/ureter/22_6_621000.png,UD Ureter-Uterine Artery-Nerve Dataset/train/Frames/22_6_621000.png,UD Ureter-Uterine Artery-Nerve Dataset,ureter
UD Ureter-Uterine Artery-Nerve Dataset/train/Masks/ureter/22_7_293333.png,UD Ureter-Uterine Artery-Nerve Dataset/train/Frames/22_7_293333.png,UD Ureter-Uterine Artery-Nerve Dataset,ureter
UD Ureter-Uterine Artery-Nerve Dataset/train/Masks/ureter/22_7_303000.png,UD Ureter-Uterine Artery-Nerve Dataset/train/Frames/22_7_303000.png,UD Ureter-Uterine Artery-Nerve Dataset,ureter
UD Ureter-Uterine Artery-Nerve Dataset/train/Masks/ureter/22_7_430000.png,UD Ureter-Uterine Artery-Nerve Dataset/train/Frames/22_7_430000.png,UD Ureter-Uterine Artery-Nerve Dataset,ureter
UD Ureter-Uterine Artery-Nerve Dataset/train/Masks/ureter/22_7_478667.png,UD Ureter-Uterine Artery-Nerve Dataset/train/Frames/22_7_478667.png,UD Ureter-Uterine Artery-Nerve Dataset,ureter
UD Ureter-Uterine Artery-Nerve Dataset/train/Masks/ureter/22_7_575000.png,UD Ureter-Uterine Artery-Nerve Dataset/train/Frames/22_7_575000.png,UD Ureter-Uterine Artery-Nerve Dataset,ureter
UD Ureter-Uterine Artery-Nerve Dataset/train/Masks/ureter/22_7_643333.png,UD Ureter-Uterine Artery-Nerve Dataset/train/Frames/22_7_643333.png,UD Ureter-Uterine Artery-Nerve Dataset,ureter
UD Ureter-Uterine Artery-Nerve Dataset/train/Masks/ureter/23_0_565667.png,UD Ureter-Uterine Artery-Nerve Dataset/train/Frames/23_0_565667.png,UD Ureter-Uterine Artery-Nerve Dataset,ureter
UD Ureter-Uterine Artery-Nerve Dataset/train/Masks/ureter/23_0_585000.png,UD Ureter-Uterine Artery-Nerve Dataset/train/Frames/23_0_585000.png,UD Ureter-Uterine Artery-Nerve Dataset,ureter
UD Ureter-Uterine Artery-Nerve Dataset/train/Masks/ureter/23_0_606667.png,UD Ureter-Uterine Artery-Nerve Dataset/train/Frames/23_0_606667.png,UD Ureter-Uterine Artery-Nerve Dataset,ureter
UD Ureter-Uterine Artery-Nerve Dataset/train/Masks/ureter/23_0_709333.png,UD Ureter-Uterine Artery-Nerve Dataset/train/Frames/23_0_709333.png,UD Ureter-Uterine Artery-Nerve Dataset,ureter
UD Ureter-Uterine Artery-Nerve Dataset/train/Masks/ureter/23_0_771667.png,UD Ureter-Uterine Artery-Nerve Dataset/train/Frames/23_0_771667.png,UD Ureter-Uterine Artery-Nerve Dataset,ureter
UD Ureter-Uterine Artery-Nerve Dataset/train/Masks/ureter/23_1_047667.png,UD Ureter-Uterine Artery-Nerve Dataset/train/Frames/23_1_047667.png,UD Ureter-Uterine Artery-Nerve Dataset,ureter
UD Ureter-Uterine Artery-Nerve Dataset/train/Masks/ureter/23_1_180000.png,UD Ureter-Uterine Artery-Nerve Dataset/train/Frames/23_1_180000.png,UD Ureter-Uterine Artery-Nerve Dataset,ureter
UD Ureter-Uterine Artery-Nerve Dataset/train/Masks/ureter/23_1_323667.png,UD Ureter-Uterine Artery-Nerve Dataset/train/Frames/23_1_323667.png,UD Ureter-Uterine Artery-Nerve Dataset,ureter
UD Ureter-Uterine Artery-Nerve Dataset/train/Masks/ureter/23_2_253000.png,UD Ureter-Uterine Artery-Nerve Dataset/train/Frames/23_2_253000.png,UD Ureter-Uterine Artery-Nerve Dataset,ureter
UD Ureter-Uterine Artery-Nerve Dataset/train/Masks/ureter/23_2_469333.png,UD Ureter-Uterine Artery-Nerve Dataset/train/Frames/23_2_469333.png,UD Ureter-Uterine Artery-Nerve Dataset,ureter
UD Ureter-Uterine Artery-Nerve Dataset/train/Masks/ureter/23_2_537000.png,UD Ureter-Uterine Artery-Nerve Dataset/train/Frames/23_2_537000.png,UD Ureter-Uterine Artery-Nerve Dataset,ureter
UD Ureter-Uterine Artery-Nerve Dataset/train/Masks/ureter/23_2_657333.png,UD Ureter-Uterine Artery-Nerve Dataset/train/Frames/23_2_657333.png,UD Ureter-Uterine Artery-Nerve Dataset,ureter
UD Ureter-Uterine Artery-Nerve Dataset/train/Masks/ureter/23_3_014000.png,UD Ureter-Uterine Artery-Nerve Dataset/train/Frames/23_3_014000.png,UD Ureter-Uterine Artery-Nerve Dataset,ureter
UD Ureter-Uterine Artery-Nerve Dataset/train/Masks/ureter/23_3_252667.png,UD Ureter-Uterine Artery-Nerve Dataset/train/Frames/23_3_252667.png,UD Ureter-Uterine Artery-Nerve Dataset,ureter
UD Ureter-Uterine Artery-Nerve Dataset/train/Masks/ureter/23_3_260333.png,UD Ureter-Uterine Artery-Nerve Dataset/train/Frames/23_3_260333.png,UD Ureter-Uterine Artery-Nerve Dataset,ureter
UD Ureter-Uterine Artery-Nerve Dataset/train/Masks/ureter/23_3_826000.png,UD Ureter-Uterine Artery-Nerve Dataset/train/Frames/23_3_826000.png,UD Ureter-Uterine Artery-Nerve Dataset,ureter
UD Ureter-Uterine Artery-Nerve Dataset/train/Masks/ureter/23_3_968000.png,UD Ureter-Uterine Artery-Nerve Dataset/train/Frames/23_3_968000.png,UD Ureter-Uterine Artery-Nerve Dataset,ureter
UD Ureter-Uterine Artery-Nerve Dataset/train/Masks/ureter/23_4_598333.png,UD Ureter-Uterine Artery-Nerve Dataset/train/Frames/23_4_598333.png,UD Ureter-Uterine Artery-Nerve Dataset,ureter
UD Ureter-Uterine Artery-Nerve Dataset/train/Masks/ureter/23_4_988000.png,UD Ureter-Uterine Artery-Nerve Dataset/train/Frames/23_4_988000.png,UD Ureter-Uterine Artery-Nerve Dataset,ureter
UD Ureter-Uterine Artery-Nerve Dataset/train/Masks/ureter/23_5_398667.png,UD Ureter-Uterine Artery-Nerve Dataset/train/Frames/23_5_398667.png,UD Ureter-Uterine Artery-Nerve Dataset,ureter
UD Ureter-Uterine Artery-Nerve Dataset/train/Masks/ureter/23_5_476667.png,UD Ureter-Uterine Artery-Nerve Dataset/train/Frames/23_5_476667.png,UD Ureter-Uterine Artery-Nerve Dataset,ureter
UD Ureter-Uterine Artery-Nerve Dataset/train/Masks/ureter/23_5_557000.png,UD Ureter-Uterine Artery-Nerve Dataset/train/Frames/23_5_557000.png,UD Ureter-Uterine Artery-Nerve Dataset,ureter
UD Ureter-Uterine Artery-Nerve Dataset/train/Masks/ureter/23_5_604333.png,UD Ureter-Uterine Artery-Nerve Dataset/train/Frames/23_5_604333.png,UD Ureter-Uterine Artery-Nerve Dataset,ureter
UD Ureter-Uterine Artery-Nerve Dataset/train/Masks/ureter/23_5_757000.png,UD Ureter-Uterine Artery-Nerve Dataset/train/Frames/23_5_757000.png,UD Ureter-Uterine Artery-Nerve Dataset,ureter
UD Ureter-Uterine Artery-Nerve Dataset/train/Masks/ureter/23_6_587667.png,UD Ureter-Uterine Artery-Nerve Dataset/train/Frames/23_6_587667.png,UD Ureter-Uterine Artery-Nerve Dataset,ureter
UD Ureter-Uterine Artery-Nerve Dataset/train/Masks/ureter/24_0_349000.png,UD Ureter-Uterine Artery-Nerve Dataset/train/Frames/24_0_349000.png,UD Ureter-Uterine Artery-Nerve Dataset,ureter
UD Ureter-Uterine Artery-Nerve Dataset/train/Masks/ureter/24_0_465333.png,UD Ureter-Uterine Artery-Nerve Dataset/train/Frames/24_0_465333.png,UD Ureter-Uterine Artery-Nerve Dataset,ureter
UD Ureter-Uterine Artery-Nerve Dataset/train/Masks/ureter/24_0_540333.png,UD Ureter-Uterine Artery-Nerve Dataset/train/Frames/24_0_540333.png,UD Ureter-Uterine Artery-Nerve Dataset,ureter
UD Ureter-Uterine Artery-Nerve Dataset/train/Masks/ureter/24_0_669000.png,UD Ureter-Uterine Artery-Nerve Dataset/train/Frames/24_0_669000.png,UD Ureter-Uterine Artery-Nerve Dataset,ureter
UD Ureter-Uterine Artery-Nerve Dataset/train/Masks/ureter/24_0_674667.png,UD Ureter-Uterine Artery-Nerve Dataset/train/Frames/24_0_674667.png,UD Ureter-Uterine Artery-Nerve Dataset,ureter
UD Ureter-Uterine Artery-Nerve Dataset/train/Masks/ureter/24_0_879000.png,UD Ureter-Uterine Artery-Nerve Dataset/train/Frames/24_0_879000.png,UD Ureter-Uterine Artery-Nerve Dataset,ureter
UD Ureter-Uterine Artery-Nerve Dataset/train/Masks/ureter/24_0_961333.png,UD Ureter-Uterine Artery-Nerve Dataset/train/Frames/24_0_961333.png,UD Ureter-Uterine Artery-Nerve Dataset,ureter
UD Ureter-Uterine Artery-Nerve Dataset/train/Masks/ureter/24_1_152333.png,UD Ureter-Uterine Artery-Nerve Dataset/train/Frames/24_1_152333.png,UD Ureter-Uterine Artery-Nerve Dataset,ureter
UD Ureter-Uterine Artery-Nerve Dataset/train/Masks/ureter/24_1_934667.png,UD Ureter-Uterine Artery-Nerve Dataset/train/Frames/24_1_934667.png,UD Ureter-Uterine Artery-Nerve Dataset,ureter
UD Ureter-Uterine Artery-Nerve Dataset/train/Masks/ureter/25_0_085410.png,UD Ureter-Uterine Artery-Nerve Dataset/train/Frames/25_0_085410.png,UD Ureter-Uterine Artery-Nerve Dataset,ureter
UD Ureter-Uterine Artery-Nerve Dataset/train/Masks/ureter/25_0_942508.png,UD Ureter-Uterine Artery-Nerve Dataset/train/Frames/25_0_942508.png,UD Ureter-Uterine Artery-Nerve Dataset,ureter
UD Ureter-Uterine Artery-Nerve Dataset/train/Masks/ureter/25_10_141715.png,UD Ureter-Uterine Artery-Nerve Dataset/train/Frames/25_10_141715.png,UD Ureter-Uterine Artery-Nerve Dataset,ureter
UD Ureter-Uterine Artery-Nerve Dataset/train/Masks/ureter/25_10_187089.png,UD Ureter-Uterine Artery-Nerve Dataset/train/Frames/25_10_187089.png,UD Ureter-Uterine Artery-Nerve Dataset,ureter
UD Ureter-Uterine Artery-Nerve Dataset/train/Masks/ureter/25_10_192093.png,UD Ureter-Uterine Artery-Nerve Dataset/train/Frames/25_10_192093.png,UD Ureter-Uterine Artery-Nerve Dataset,ureter
UD Ureter-Uterine Artery-Nerve Dataset/train/Masks/ureter/25_10_373922.png,UD Ureter-Uterine Artery-Nerve Dataset/train/Frames/25_10_373922.png,UD Ureter-Uterine Artery-Nerve Dataset,ureter
UD Ureter-Uterine Artery-Nerve Dataset/train/Masks/ureter/25_10_418295.png,UD Ureter-Uterine Artery-Nerve Dataset/train/Frames/25_10_418295.png,UD Ureter-Uterine Artery-Nerve Dataset,ureter
UD Ureter-Uterine Artery-Nerve Dataset/train/Masks/ureter/25_1_464974.png,UD Ureter-Uterine Artery-Nerve Dataset/train/Frames/25_1_464974.png,UD Ureter-Uterine Artery-Nerve Dataset,ureter
UD Ureter-Uterine Artery-Nerve Dataset/train/Masks/ureter/25_1_904699.png,UD Ureter-Uterine Artery-Nerve Dataset/train/Frames/25_1_904699.png,UD Ureter-Uterine Artery-Nerve Dataset,ureter
UD Ureter-Uterine Artery-Nerve Dataset/train/Masks/ureter/25_2_010794.png,UD Ureter-Uterine Artery-Nerve Dataset/train/Frames/25_2_010794.png,UD Ureter-Uterine Artery-Nerve Dataset,ureter
UD Ureter-Uterine Artery-Nerve Dataset/train/Masks/ureter/25_2_486218.png,UD Ureter-Uterine Artery-Nerve Dataset/train/Frames/25_2_486218.png,UD Ureter-Uterine Artery-Nerve Dataset,ureter
UD Ureter-Uterine Artery-Nerve Dataset/train/Masks/ureter/25_2_809507.png,UD Ureter-Uterine Artery-Nerve Dataset/train/Frames/25_2_809507.png,UD Ureter-Uterine Artery-Nerve Dataset,ureter
UD Ureter-Uterine Artery-Nerve Dataset/train/Masks/ureter/25_2_905259.png,UD Ureter-Uterine Artery-Nerve Dataset/train/Frames/25_2_905259.png,UD Ureter-Uterine Artery-Nerve Dataset,ureter
UD Ureter-Uterine Artery-Nerve Dataset/train/Masks/ureter/25_3_457084.png,UD Ureter-Uterine Artery-Nerve Dataset/train/Frames/25_3_457084.png,UD Ureter-Uterine Artery-Nerve Dataset,ureter
UD Ureter-Uterine Artery-Nerve Dataset/train/Masks/ureter/25_8_031833.png,UD Ureter-Uterine Artery-Nerve Dataset/train/Frames/25_8_031833.png,UD Ureter-Uterine Artery-Nerve Dataset,ureter
UD Ureter-Uterine Artery-Nerve Dataset/train/Masks/ureter/2_0_036667.png,UD Ureter-Uterine Artery-Nerve Dataset/train/Frames/2_0_036667.png,UD Ureter-Uterine Artery-Nerve Dataset,ureter
UD Ureter-Uterine Artery-Nerve Dataset/train/Masks/ureter/2_0_096667.png,UD Ureter-Uterine Artery-Nerve Dataset/train/Frames/2_0_096667.png,UD Ureter-Uterine Artery-Nerve Dataset,ureter
UD Ureter-Uterine Artery-Nerve Dataset/train/Masks/ureter/2_0_113000.png,UD Ureter-Uterine Artery-Nerve Dataset/train/Frames/2_0_113000.png,UD Ureter-Uterine Artery-Nerve Dataset,ureter
UD Ureter-Uterine Artery-Nerve Dataset/train/Masks/ureter/2_0_365000.png,UD Ureter-Uterine Artery-Nerve Dataset/train/Frames/2_0_365000.png,UD Ureter-Uterine Artery-Nerve Dataset,ureter
UD Ureter-Uterine Artery-Nerve Dataset/train/Masks/ureter/2_0_482333.png,UD Ureter-Uterine Artery-Nerve Dataset/train/Frames/2_0_482333.png,UD Ureter-Uterine Artery-Nerve Dataset,ureter
UD Ureter-Uterine Artery-Nerve Dataset/train/Masks/ureter/2_10_040333.png,UD Ureter-Uterine Artery-Nerve Dataset/train/Frames/2_10_040333.png,UD Ureter-Uterine Artery-Nerve Dataset,ureter
UD Ureter-Uterine Artery-Nerve Dataset/train/Masks/ureter/2_10_130667.png,UD Ureter-Uterine Artery-Nerve Dataset/train/Frames/2_10_130667.png,UD Ureter-Uterine Artery-Nerve Dataset,ureter
UD Ureter-Uterine Artery-Nerve Dataset/train/Masks/ureter/2_10_222000.png,UD Ureter-Uterine Artery-Nerve Dataset/train/Frames/2_10_222000.png,UD Ureter-Uterine Artery-Nerve Dataset,ureter
UD Ureter-Uterine Artery-Nerve Dataset/train/Masks/ureter/2_1_300667.png,UD Ureter-Uterine Artery-Nerve Dataset/train/Frames/2_1_300667.png,UD Ureter-Uterine Artery-Nerve Dataset,ureter
UD Ureter-Uterine Artery-Nerve Dataset/train/Masks/ureter/2_1_471000.png,UD Ureter-Uterine Artery-Nerve Dataset/train/Frames/2_1_471000.png,UD Ureter-Uterine Artery-Nerve Dataset,ureter
UD Ureter-Uterine Artery-Nerve Dataset/train/Masks/ureter/2_1_964667.png,UD Ureter-Uterine Artery-Nerve Dataset/train/Frames/2_1_964667.png,UD Ureter-Uterine Artery-Nerve Dataset,ureter
UD Ureter-Uterine Artery-Nerve Dataset/train/Masks/ureter/6_10_522667.png,UD Ureter-Uterine Artery-Nerve Dataset/train/Frames/6_10_522667.png,UD Ureter-Uterine Artery-Nerve Dataset,ureter
UD Ureter-Uterine Artery-Nerve Dataset/train/Masks/ureter/6_1_332000.png,UD Ureter-Uterine Artery-Nerve Dataset/train/Frames/6_1_332000.png,UD Ureter-Uterine Artery-Nerve Dataset,ureter
UD Ureter-Uterine Artery-Nerve Dataset/train/Masks/ureter/6_2_066333.png,UD Ureter-Uterine Artery-Nerve Dataset/train/Frames/6_2_066333.png,UD Ureter-Uterine Artery-Nerve Dataset,ureter
UD Ureter-Uterine Artery-Nerve Dataset/train/Masks/ureter/6_2_930333.png,UD Ureter-Uterine Artery-Nerve Dataset/train/Frames/6_2_930333.png,UD Ureter-Uterine Artery-Nerve Dataset,ureter
UD Ureter-Uterine Artery-Nerve Dataset/train/Masks/ureter/6_4_908667.png,UD Ureter-Uterine Artery-Nerve Dataset/train/Frames/6_4_908667.png,UD Ureter-Uterine Artery-Nerve Dataset,ureter
